Frame,root_translateX,root_translateY,root_translateZ,root_rotateX,root_rotateY,root_rotateZ,left_hip_pitch_joint_dof,left_hip_roll_joint_dof,left_hip_yaw_joint_dof,left_knee_joint_dof,left_ankle_pitch_joint_dof,left_ankle_roll_joint_dof,right_hip_pitch_joint_dof,right_hip_roll_joint_dof,right_hip_yaw_joint_dof,right_knee_joint_dof,right_ankle_pitch_joint_dof,right_ankle_roll_joint_dof,waist_yaw_joint_dof,waist_roll_joint_dof,waist_pitch_joint_dof,left_shoulder_pitch_joint_dof,left_shoulder_roll_joint_dof,left_shoulder_yaw_joint_dof,left_elbow_joint_dof,left_wrist_roll_joint_dof,left_wrist_pitch_joint_dof,left_wrist_yaw_joint_dof,right_shoulder_pitch_joint_dof,right_shoulder_roll_joint_dof,right_shoulder_yaw_joint_dof,right_elbow_joint_dof,right_wrist_roll_joint_dof,right_wrist_pitch_joint_dof,right_wrist_yaw_joint_dof
0,0.0,0.0,77.29237,0.0,0.0,0.0,-11.459155,0.0,0.0,24.064226,-12.605071,0.0,-11.459155,-0.0,-0.0,24.064226,-12.605071,-0.0,0.0,-0.0,0.0,5.7295775,13.750985,-0.0,27.50197,-0.0,0.0,-0.0,5.7295775,-13.750985,0.0,27.50197,0.0,0.0,0.0
1,0.0,-0.0052079,77.29237,0.0,0.0,0.0,-11.459084,0.004482,-0.0017637,24.064075,-12.60499,-0.0048165,-11.459225,0.004482,-0.0017637,24.064373,-12.605149,-0.0048165,0.0015093,-0.001132,0.0009433,5.7133384,13.756908,-0.0061135,27.511908,-0.0034389,-0.0019105,-0.0022926,5.719643,-13.758246,0.0057314,27.508087,0.0034389,0.0015284,0.0019105
2,0.0,-0.0395933,77.29237,0.0,0.0,0.0,-11.458571,0.0340743,-0.0134082,24.062977,-12.604409,-0.0366174,-11.459641,0.034074,-0.0134088,24.065252,-12.605615,-0.0366175,0.0114744,-0.0086058,0.0071715,5.60612,13.796011,-0.0464782,27.577501,-0.026144,-0.0145244,-0.0174293,5.654051,-13.806179,0.0435733,27.54845,0.026144,0.0116195,0.0145244
3,0.0,-0.1268313,77.29237,0.0,0.0,0.0,-11.4569435,0.1091529,-0.042948,24.059439,-12.602536,-0.1172983,-11.460371,0.1091508,-0.0429547,24.066727,-12.606398,-0.1172988,0.0367564,-0.0275673,0.0229728,5.3340993,13.895219,-0.148886,27.74391,-0.0837484,-0.0465269,-0.0558323,5.487638,-13.927789,0.1395806,27.650858,0.0837484,0.0372215,0.0465269
4,0.0,-0.2849806,77.29237,0.0,0.0,0.0,-11.452789,0.2452642,-0.0964823,24.050262,-12.59768,-0.263559,-11.460491,0.2452535,-0.0965162,24.066643,-12.606359,-0.2635614,0.082589,-0.0619417,0.0516181,4.840966,14.075068,-0.334536,28.045593,-0.1881765,-0.1045425,-0.125451,5.1859565,-14.148248,0.3136275,27.83651,0.1881765,0.083634,0.1045425
5,0.0,-0.5269074,77.29237,0.0,0.0,0.0,-11.443433,0.453498,-0.1783103,24.029337,-12.58661,-0.4872928,-11.457681,0.453461,-0.178426,24.059639,-12.602664,-0.4873008,0.1527008,-0.1145256,0.095438,4.086603,14.350189,-0.6185316,28.507088,-0.347924,-0.1932911,-0.2319494,4.724464,-14.485495,0.5798734,28.120506,0.347924,0.1546329,0.1932911
6,0.0,-0.8607097,77.29237,0.0,0.0,0.0,-11.42454,0.7408696,-0.291013,23.98674,-12.564082,-0.7959722,-11.447846,0.740771,-0.2913222,24.036303,-12.590341,-0.7959935,0.2494386,-0.187079,0.1558991,3.0457582,14.729791,-1.0103791,29.14384,-0.5683382,-0.3157434,-0.3788922,4.087712,-14.950812,0.9472305,28.512352,0.5683382,0.2525948,0.3157434
7,0.0,-1.2901415,77.29237,0.0,0.0,0.0,-11.389972,1.1107147,-0.4354947,23.908413,-12.522664,-1.1930293,-11.425002,1.1104927,-0.4361912,23.982903,-12.562126,-1.1930771,0.3738904,-0.2804178,0.2336815,1.7067266,15.218144,-1.5144851,29.96301,-0.8518978,-0.4732766,-0.5679319,3.2685394,-15.549437,1.4198297,29.016459,0.8518978,0.3786213,0.4732766
8,0.0,-1.815037,77.29237,0.0,0.0,0.0,-11.331859,1.5630916,-0.6109878,23.776373,-12.452848,-1.678234,-11.38138,1.5626512,-0.6123729,23.881653,-12.508624,-1.6783284,0.5260082,-0.3945061,0.3287551,0.0700253,15.815058,-2.130655,30.964289,-1.1984935,-0.6658297,-0.7989956,2.2672632,-16.28114,1.997489,29.632627,1.1984935,0.5326638,0.6658297
9,0.0,-2.4317348,77.29237,0.0,0.0,0.0,-11.240875,2.0951915,-0.81504,23.56939,-12.343417,-2.2480705,-11.307746,2.0943964,-0.8175454,23.71151,-12.418707,-2.248239,0.7047307,-0.528548,0.4404567,-1.8529294,16.51637,-2.854591,32.140682,-1.6057074,-0.8920596,-1.0704715,1.0908675,-17.140814,2.676179,30.356564,1.6057074,0.7136477,0.8920596
10,0.0,-3.1335025,77.29237,0.0,0.0,0.0,-11.106621,2.7017398,-1.0435108,23.263962,-12.181949,-2.896119,-11.193826,2.700409,-1.0477204,23.449215,-12.280084,-2.8963966,0.908107,-0.6810802,0.5675668,-4.041144,17.314426,-3.6783893,33.479355,-2.0690942,-1.1494967,-1.379396,-0.247805,-18.119074,3.44849,31.18036,2.0690942,0.9195973,1.1494967
11,0.0,-3.91096,77.29237,0.0,0.0,0.0,-10.918031,3.3753908,-1.2906085,22.835394,-11.955393,-3.6134477,-11.028767,3.3732924,-1.297279,23.070486,-12.079921,-3.613874,1.1334186,-0.850064,0.7083866,-6.4653707,18.198555,-4.5910397,34.96241,-2.5824597,-1.4346998,-1.7216396,-1.7308612,-19.202845,4.3040996,32.09301,2.5824597,1.1477599,1.4346998
12,0.0,-4.7525043,77.29237,0.0,0.0,0.0,-10.663725,4.107095,-1.5489881,22.258755,-11.650574,-4.389018,-10.801549,4.1039443,-1.5590739,22.551105,-11.805419,-4.3896365,1.3773031,-1.0329772,0.8608144,-9.08943,19.155565,-5.578921,36.56772,-3.1381428,-1.7434129,-2.0920951,-3.3361683,-20.375954,5.230238,33.08089,3.1381428,1.3947302,1.7434129
13,0.0,-5.644735,77.29237,0.0,0.0,0.0,-10.332231,4.886449,-1.8099192,21.509554,-11.254557,-5.2101097,-10.501288,4.881902,-1.824609,21.867767,-11.444266,-5.2109604,1.6358765,-1.2269075,1.0224228,-11.871535,20.170216,-6.626302,38.26971,-3.7272947,-2.0707192,-2.484863,-5.038162,-21.61972,6.2121577,34.128273,3.7272947,1.6565754,2.0707192
14,0.0,-6.5728755,77.29237,0.0,0.0,0.0,-9.911972,5.702022,-2.0635147,20.563929,-10.754733,-6.062762,-10.117359,5.695668,-2.0842888,20.998535,-10.984872,-6.0638747,1.9048568,-1.4286426,1.1905355,-14.765613,21.225702,-7.715837,40.040207,-4.340158,-2.411199,-2.8934388,-6.8086567,-22.913542,7.233597,35.217808,4.340158,1.9289593,2.411199
15,0.0,-7.521199,77.29237,0.0,0.0,0.0,-9.390939,6.541671,-2.2989824,19.398052,-10.138516,-6.9322286,-9.639274,6.533013,-2.3277164,19.922697,-10.416293,-6.9336143,2.1796865,-1.634765,1.3623042,-17.722628,22.304144,-8.829065,41.849205,-4.9663496,-2.759083,-3.3108997,-8.617654,-24.2355,8.277248,36.33104,4.9663496,2.2072663,2.759083
16,0.0,-8.473455,77.29237,0.0,0.0,0.0,-8.755738,7.39286,-2.5048254,17.9862,-9.39231,-7.80344,-9.056164,7.381279,-2.5439792,18.61972,-9.727679,-7.805079,2.4556558,-1.8417418,1.5347849,-20.691902,23.387054,-9.94691,43.6657,-5.5951366,-3.1084094,-3.730091,-10.434151,-25.56294,9.325228,37.448883,5.5951366,2.4867275,3.1084094
17,0.0,-9.413288,77.29237,0.0,0.0,0.0,-7.989466,8.243035,-2.668827,16.296251,-8.499132,-8.661469,-8.355543,8.227712,-2.721826,17.066616,-8.906874,-8.663289,2.728025,-2.0460186,1.7050157,-23.62244,24.45584,-11.050172,45.458504,-6.2157216,-3.4531784,-4.143814,-12.226951,-26.873066,10.359535,38.552143,6.2157216,2.762543,3.4531784
18,0.0,-10.324668,77.29237,0.0,0.0,0.0,-7.06672,9.080129,-2.7774408,14.279165,-7.433031,-9.492008,-7.5205374,9.05986,-2.8495202,15.232005,-7.937273,-9.493842,2.992148,-2.244111,1.8700926,-26.464254,25.492266,-12.12003,47.197025,-6.8175178,-3.7875097,-4.5450115,-13.965473,-28.143522,11.36253,39.622005,6.8175178,3.0300076,3.7875097
19,0.0,-11.192309,77.29237,0.0,0.0,0.0,-5.9402494,9.893474,-2.8133698,11.840996,-6.1442976,-10.281879,-6.5231633,9.866191,-2.9138014,13.061929,-6.790315,-10.283378,3.2435951,-2.4326963,2.027247,-29.169687,26.478952,-13.138547,48.85211,-7.390432,-4.105796,-4.9269547,-15.620562,-29.353012,12.317388,40.64052,7.390432,3.2846367,4.105796
20,0.0,-12.002097,77.29237,0.0,0.0,0.0,-4.493189,10.676335,-2.7458444,8.743357,-4.506786,-11.0198145,-5.3047147,10.63733,-2.8959959,10.438832,-5.403779,-11.020118,3.4782765,-2.6087074,2.1739228,-31.694727,27.399849,-14.0891485,50.396843,-7.9251466,-4.402859,-5.283431,-17.16529,-30.481853,13.208578,41.59112,7.9251466,3.5222871,4.402859
21,0.0,-12.741513,77.29237,0.0,0.0,0.0,-2.165244,11.443316,-2.453366,3.8260524,-1.9066604,-11.699924,-3.6910737,11.370433,-2.7540603,7.005462,-3.5886157,-11.694945,3.6925635,-2.7694225,2.3078523,-34.00033,28.24072,-14.957144,51.80733,-8.413393,-4.674107,-5.608928,-18.575779,-31.512592,14.022322,42.459114,8.413393,3.739286,4.674107
22,0.0,-13.400057,77.29237,0.0,0.0,0.0,-0.3460938,12.106624,-2.1975539,-0.0068886,0.1199082,-12.301524,-0.3437024,12.115736,-2.1984081,-0.0129135,0.1232766,-12.310638,3.8834136,-2.91256,2.4271333,-36.053772,28.989618,-15.730202,53.063553,-8.848239,-4.915688,-5.898826,-19.832,-32.4306,14.747064,43.232174,8.848239,3.9325504,4.915688
23,0.0,-13.969673,77.29237,0.0,0.0,0.0,-0.3645984,12.603465,-2.2907226,-0.0076084,0.119197,-12.806631,-0.3621517,12.614057,-2.2916057,-0.0138901,0.1226986,-12.817205,4.0484915,-3.0363688,2.5303073,-37.829918,29.637392,-16.39887,54.15014,-9.224363,-5.1246467,-6.149576,-20.918585,-33.224644,15.37394,43.900845,9.224363,4.0997176,5.1246467
24,0.0,-14.445173,77.29237,0.0,0.0,0.0,-0.3806334,13.016616,-2.3684816,-0.0081597,0.1185472,-13.226683,-0.3780902,13.028483,-2.3693779,-0.0147689,0.122219,-13.238513,4.1862946,-3.139721,2.616434,-39.3126,30.178135,-16.957056,55.057182,-9.538343,-5.2990794,-6.3588953,-21.825636,-33.88749,15.897239,44.459026,9.538343,4.239264,5.2990794
25,0.0,-14.824661,77.29237,0.0,0.0,0.0,-0.3937091,13.345279,-2.430506,-0.008781,0.1181053,-13.560848,-0.3911843,13.358184,-2.431434,-0.0154595,0.1218108,-13.573703,4.296272,-3.222204,2.68517,-40.495895,30.60969,-17.402533,55.78109,-9.788924,-5.438291,-6.525949,-22.549536,-34.416492,16.314873,44.904503,9.788924,4.350633,5.438291
26,0.0,-15.109955,77.29237,0.0,0.0,0.0,-0.4039105,13.59171,-2.4771638,-0.0089196,0.1175881,-13.811385,-0.4011761,13.605426,-2.4780633,-0.0161163,0.1215652,-13.8250675,4.378952,-3.2842138,2.7368448,-41.385483,30.934124,-17.737434,56.325306,-9.977307,-5.5429482,-6.6515384,-23.093754,-34.81419,16.628845,45.239407,9.977307,4.4343586,5.5429482
27,0.0,-15.307016,77.29237,0.0,0.0,0.0,-0.4283152,13.742481,-2.5144417,0.0279227,0.0978909,-13.854118,-0.4321064,13.754396,-2.5170097,0.0342267,0.0947746,-13.854118,4.436061,-3.3270457,2.772538,-41.999947,31.158224,-17.968761,56.70121,-10.107429,-5.615238,-6.7382865,-23.469662,-35.088894,16.845715,45.470734,10.107429,4.4921904,5.615238
28,0.0,-15.426368,77.29237,0.0,0.0,0.0,-0.4452166,13.829947,-2.537752,0.0547855,0.0835896,-13.854118,-0.4514638,13.842005,-2.5409293,0.0660796,0.0778519,-13.854118,4.4706497,-3.352987,2.794156,-42.372105,31.293953,-18.108868,56.928883,-10.186238,-5.659021,-6.7908254,-23.697332,-35.255264,16.977064,45.61084,10.186238,4.527217,5.659021
29,0.0,-15.483523,77.29237,0.0,0.0,0.0,-0.45294,13.871824,-2.5488381,0.0668626,0.077151,-13.854118,-0.4602258,13.883955,-2.552277,0.0802598,0.0703134,-13.854118,4.4872136,-3.36541,2.8045084,-42.55032,31.35895,-18.175962,57.037914,-10.223979,-5.6799884,-6.8159857,-23.806362,-35.33494,17.039965,45.677937,10.223979,4.5439906,5.6799884
30,0.0,-15.499408,77.29237,0.0,0.0,0.0,-0.45504,13.883462,-2.5519092,0.0701191,0.0754191,-13.854118,-0.4625574,13.895619,-2.5554078,0.0839842,0.0683326,-13.854118,4.491818,-3.368863,2.807386,-42.599857,31.377018,-18.19461,57.06822,-10.234468,-5.685816,-6.822979,-23.836666,-35.357086,17.057447,45.696583,10.234468,4.5486526,5.685816
31,1.99e-05,-15.5,77.29228,0.0,0.0,-6.1e-05,-0.4565164,13.886977,-2.5528162,0.0734041,0.0734576,-13.854118,-0.46265,13.896082,-2.5554712,0.0841761,0.0682259,-13.854118,4.4921565,-3.3690755,2.8072834,-42.6018,31.377789,-18.195448,57.069485,-10.234972,-5.6861176,-6.823353,-23.837963,-35.358055,17.058353,45.69739,10.234972,4.548911,5.6861463
32,0.0004781,-15.5,77.290276,0.0,0.0,-0.0014641,-0.4649266,13.910861,-2.5555913,0.1025924,0.0524539,-13.854118,-0.4624665,13.896749,-2.5541766,0.0847536,0.0677831,-13.854118,4.4960155,-3.3710048,2.80246,-42.60408,31.380068,-18.198704,57.072735,-10.237577,-5.6880717,-6.825958,-23.84187,-35.36131,17.064215,45.699997,10.237577,4.550865,5.688751
33,0.0020912,-15.5,77.28322,0.0,0.0,-0.0064044,-0.5012698,13.9582,-2.5596514,0.2235632,-0.0316208,-13.854118,-0.4617468,13.899102,-2.5496006,0.0866351,0.066308,-13.854118,4.509602,-3.3777983,2.7854762,-42.612106,31.388092,-18.210167,57.08421,-10.24675,-5.6949506,-6.83513,-23.855629,-35.372776,17.084854,45.709167,10.24675,4.5577445,5.6979237
34,0.0054668,-15.5,77.26845,0.0,0.0,-0.016742,-2.3058174,13.933332,-2.9774418,4.0486693,-2.098414,-13.854118,-0.4603788,13.904022,-2.5400589,0.0908592,0.063069,-13.854118,4.5380325,-3.3920135,2.7499385,-42.6289,31.404886,-18.234161,57.1082,-10.265944,-5.709346,-6.854324,-23.884418,-35.396767,17.128038,45.728363,10.265944,4.5721393,5.717117
35,0.0110934,-15.5,77.243835,0.0,0.0,-0.0339736,-6.3205957,13.764509,-3.906806,12.516291,-6.651972,-13.854118,-0.4583869,13.912211,-2.5242238,0.0985039,0.0573499,-13.854118,4.585423,-3.4157088,2.6907003,-42.656895,31.43288,-18.27415,57.148193,-10.297937,-5.733341,-6.8863177,-23.93241,-35.436756,17.200024,45.760357,10.297937,4.596134,5.74911
36,0.0193485,-15.5,77.20772,0.0,0.0,-0.0592548,-8.832617,13.69198,-4.4637647,17.968254,-9.645829,-13.854118,-0.4562582,13.924184,-2.5011852,0.1113763,0.0480803,-13.854118,4.654951,-3.4504728,2.6037898,-42.697964,31.473951,-18.332827,57.20686,-10.344875,-5.768545,-6.933256,-24.00282,-35.495434,17.305635,45.807293,10.344875,4.6313386,5.796049
37,0.0305051,-15.5,77.15891,0.0,0.0,-0.093422,-10.848046,13.6705475,-4.8908367,22.48953,-12.187686,-13.854118,-0.4552531,13.940282,-2.4705033,0.1326696,0.0334871,-13.854118,4.7489176,-3.497456,2.486332,-42.753475,31.529459,-18.41212,57.286156,-10.408312,-5.8161225,-6.9966927,-24.097973,-35.574726,17.448368,45.87073,10.408312,4.6789165,5.859486
38,0.0447393,-15.5,77.096634,0.0,0.0,-0.137014,-12.546315,13.694572,-5.231896,26.456865,-14.48012,-13.854118,-0.458718,13.9606,-2.4325087,0.1696891,0.0096493,-13.854118,4.8688045,-3.5573995,2.3364735,-42.824295,31.600279,-18.513292,57.38733,-10.489248,-5.876825,-7.077628,-24.219376,-35.675896,17.630474,45.951668,10.489248,4.739618,5.9404216
39,0.062137,-15.5,77.02052,0.0,0.0,-0.1902947,-13.991013,13.763263,-5.5031977,30.005457,-16.596674,-13.854118,-0.4755864,13.984851,-2.3891275,0.2410888,-0.0333398,-13.854118,5.015337,-3.6306653,2.1533082,-42.91085,31.686838,-18.636948,57.510983,-10.588172,-5.9510174,-7.176553,-24.367762,-35.799553,17.853054,46.05059,10.588172,4.8138113,6.039346
40,0.0827018,-15.5,76.93055,0.0,0.0,-0.2532743,-15.211075,13.876478,-5.7126827,33.196545,-18.570534,-13.854118,-0.5411324,14.011408,-2.348871,0.4196938,-0.1340239,-13.854118,5.1885433,-3.7172687,1.9368002,-43.013165,31.789156,-18.783112,57.657146,-10.705104,-6.038717,-7.2934847,-24.543161,-35.945717,18.11615,46.167522,10.705104,4.9015102,6.156278
41,0.1063614,-15.5,76.827034,0.0,0.0,-0.3257319,-16.221895,14.033643,-5.864877,36.061024,-20.417597,-13.854118,-0.9786977,14.024827,-2.389931,1.372475,-0.6453687,-13.854118,5.387816,-3.8169053,1.6877095,-43.13088,31.906864,-18.951275,57.825314,-10.839633,-6.139614,-7.428014,-24.744955,-36.11388,18.418842,46.30205,10.839633,5.002407,6.2908077
42,0.1329754,-15.5,76.7106,0.0,0.0,-0.4072371,-17.032938,14.233346,-5.962584,38.61521,-22.144808,-13.854118,-3.094151,13.954494,-2.8263547,5.794723,-2.9938028,-13.854118,5.6119714,-3.9289827,1.4075152,-43.26329,32.03928,-19.140432,58.01447,-10.990961,-6.2531095,-7.5793414,-24.971947,-36.303036,18.759329,46.45338,10.990961,5.1159034,6.442135
43,0.1623419,-15.5,76.58212,0.0,0.0,-0.497172,-17.651056,14.473204,-6.0075893,40.86773,-23.753843,-13.854118,-4.6807566,13.908415,-3.1279657,9.132901,-4.7696137,-13.854118,5.8593097,-4.0526524,1.0983416,-43.409397,32.185383,-19.349157,58.223194,-11.157941,-6.378344,-7.7463217,-25.222416,-36.51176,19.135033,46.620358,11.157941,5.241137,6.609114
44,0.1942052,-15.5,76.442726,0.0,0.0,-0.5947535,-18.08213,14.749845,-6.001018,42.822983,-25.242987,-13.854118,-5.9290476,13.88276,-3.3425558,11.778546,-6.1799555,-13.854118,6.1276784,-4.1868362,0.7628813,-43.56793,32.34391,-19.575626,58.449665,-11.339117,-6.514226,-7.927497,-25.494179,-36.73823,19.542679,46.801537,11.339117,5.3770194,6.7902904
45,0.2282627,-15.5,76.29372,0.0,0.0,-0.6990547,-18.331959,15.058965,-5.943552,44.48309,-26.608242,-13.854118,-7.008349,13.86973,-3.511963,14.080231,-7.40921,-13.854118,6.414527,-4.3302608,0.4043203,-43.737373,32.51336,-19.817692,58.69173,-11.532768,-6.659465,-8.121149,-25.784658,-36.980297,19.978394,46.995186,11.532768,5.5222583,6.9839425
46,0.2641722,-15.5,76.13662,0.0,0.0,-0.8090273,-18.406734,15.395414,-5.835603,45.84907,-27.844076,-13.854118,-7.9790497,13.866243,-3.6517792,16.161768,-8.522804,-13.854118,6.716974,-4.481484,0.0262622,-43.91603,32.69202,-20.07292,58.946964,-11.736951,-6.8126016,-8.325331,-26.09093,-37.235527,20.437805,47.19937,11.736951,5.675395,7.1881247
47,0.3015587,-15.5,75.97305,0.0,0.0,-0.9235236,-18.313316,15.753328,-5.6774693,46.92159,-28.943987,-13.854118,-8.868867,13.870614,-3.7697587,18.079535,-9.550455,-13.854118,7.031862,-4.6389275,-0.3673472,-44.10204,32.878025,-20.338646,59.212677,-11.9495325,-6.972038,-8.537912,-26.409803,-37.50125,20.916113,47.41195,11.9495325,5.8348308,7.400706
48,0.3400223,-15.5,75.80477,0.0,0.0,-1.0413183,-18.05933,16.12628,-5.4694886,47.70148,-29.90095,-13.854118,-9.692341,13.881655,-3.8704915,19.862669,-10.507451,-13.854118,7.35582,-4.800907,-0.7722956,-44.293407,33.069393,-20.612028,59.48607,-12.168238,-7.1360664,-8.756618,-26.73786,-37.77463,21.4082,47.630657,12.168238,5.9988594,7.619411
49,0.3791446,-15.5,75.63361,0.0,0.0,-1.1611303,-17.653181,16.507454,-5.2121835,48.190125,-30.707853,-13.854118,-10.457693,13.898375,-3.9570396,21.52724,-11.402157,-13.854118,7.6853266,-4.9656606,-1.1841791,-44.488052,33.264038,-20.89009,59.76413,-12.390688,-7.3029046,-8.979068,-27.071535,-38.052696,21.908714,47.853104,12.390688,6.1656976,7.8418617
50,0.4184964,-15.5,75.46145,0.0,0.0,-1.2816453,-17.103968,16.88982,-4.906404,48.389633,-31.357828,-13.854118,-11.169779,13.9198675,-4.0316253,23.082352,-12.239232,-13.854118,8.016766,-5.1313806,-1.5984788,-44.683838,33.459824,-21.169786,60.04382,-12.614444,-7.4707217,-9.202824,-27.407167,-38.332394,22.412163,48.076862,12.614444,6.3335147,8.065618
51,0.4576447,-15.5,75.29018,0.0,0.0,-1.4015368,-16.42135,17.266327,-4.553442,48.303017,-31.844604,-13.854118,-11.831531,13.945243,-4.0959654,24.53313,-13.02123,-13.854118,8.346492,-5.296243,-2.0106356,-44.878613,33.6546,-21.448034,60.322067,-12.837042,-7.6376705,-9.425423,-27.741068,-38.61064,22.91301,48.29946,12.837042,6.500463,8.288216
52,0.4961598,-15.5,75.12167,0.0,0.0,-1.5194892,-15.615373,17.630077,-4.155126,47.93425,-32.162773,-13.854118,-12.444739,13.973627,-4.151443,25.882364,-13.749452,-13.854118,8.670884,-5.4584394,-2.4161255,-45.070232,33.846222,-21.72178,60.595814,-13.05604,-7.8019185,-9.64442,-28.069565,-38.884388,23.405754,48.51846,13.05604,6.6647115,8.507214
53,0.5336224,-15.5,74.95777,0.0,0.0,-1.6342186,-14.696258,17.974514,-3.7138855,47.288303,-32.308025,-13.854118,-13.010513,14.004139,-4.199207,27.13144,-14.424462,-13.854118,8.986413,-5.6162033,-2.8105361,-45.256622,34.032608,-21.988049,60.862087,-13.269053,-7.9616785,-9.857433,-28.389084,-39.150658,23.885035,48.731472,13.269053,6.824472,8.720227
54,0.5696313,-15.5,74.80023,0.0,0.0,-1.7444959,-13.674202,18.293577,-3.232779,46.371105,-32.27736,-13.854118,-13.529567,14.035918,-4.24023,28.280966,-15.0464115,-13.854118,9.289697,-5.7678456,-3.1896417,-45.435776,34.211765,-22.243984,61.118015,-13.473802,-8.115239,-10.062182,-28.696207,-39.40659,24.34572,48.93622,13.473802,6.9780326,8.924975
55,0.60381,-15.5,74.650696,0.0,0.0,-1.849168,-12.559183,18.581844,-2.7154884,45.189552,-32.069233,-13.854118,-14.0023985,14.068123,-4.2753425,29.331167,-15.61525,-13.854118,9.577565,-5.9117804,-3.549478,-45.605824,34.381813,-22.48691,61.360947,-13.668142,-8.260996,-10.256523,-28.987715,-39.649517,24.782986,49.13056,13.668142,7.123789,9.119316
56,0.635814,-15.5,74.51068,0.0,0.0,-1.9471802,-11.360797,18.834677,-2.1662853,43.751522,-31.683699,-13.854118,-14.429437,14.099952,-4.305262,30.282173,-16.13089,-13.854118,9.847118,-6.0465565,-3.8864188,-45.765053,34.54104,-22.714378,61.58842,-13.850119,-8.397477,-10.4384985,-29.260681,-39.876984,25.19243,49.312534,13.850119,7.2602706,9.301291
57,0.665338,-15.5,74.381516,0.0,0.0,-2.0375974,-10.088158,19.048311,-1.5899708,42.065956,-31.122543,-13.854118,-14.811137,14.130657,-4.3306074,31.134258,-16.593327,-13.854118,10.095784,-6.170889,-4.197251,-45.91194,34.68793,-22.924223,61.798252,-14.017994,-8.523383,-10.606373,-29.512497,-40.08683,25.570148,49.48041,14.017994,7.3861766,9.469166
58,0.6921233,-15.5,74.26433,0.0,0.0,-2.1196276,-8.749883,19.219965,-0.9918056,40.143093,-30.389446,-13.854118,-15.148072,14.159573,-4.351914,31.888025,-17.002758,-13.854118,10.3213825,-6.2836885,-4.47925,-46.045208,34.821194,-23.114601,61.988632,-14.170295,-8.6376095,-10.758676,-29.740948,-40.277206,25.91283,49.632713,14.170295,7.5004034,9.621469
59,0.7159648,-15.5,74.16002,0.0,0.0,-2.1926422,-7.3542194,19.347921,-0.3774435,37.994915,-29.490246,-13.854118,-15.441002,14.186118,-4.369646,32.544598,-17.359661,-13.854118,10.522187,-6.384091,-4.730255,-46.163826,34.939816,-23.284054,62.158092,-14.30586,-8.739282,-10.894239,-29.944292,-40.44666,26.217848,49.768276,14.30586,7.602076,9.757032
60,0.736718,-15.5,74.06923,0.0,0.0,-2.2561989,-5.909381,19.4316,0.2470994,35.63603,-28.433369,-13.854118,-15.690953,14.209818,-4.384209,33.105766,-17.664906,-13.854118,10.69698,-6.471488,-4.948747,-46.267082,35.043064,-23.431559,62.305595,-14.423861,-8.8277855,-11.012242,-30.121296,-40.594166,26.483355,49.88628,14.423861,7.6905785,9.875035
61,0.7543065,-15.5,73.99228,0.0,0.0,-2.3100637,-4.424224,19.47166,0.8753982,33.085163,-27.230633,-13.854118,-15.899305,14.230318,-4.395956,33.57419,-17.91985,-13.854118,10.845119,-6.545557,-5.13392,-46.354588,35.130573,-23.55657,62.43061,-14.52387,-8.902792,-11.112251,-30.271313,-40.719173,26.708374,49.98629,14.52387,7.765585,9.975044
62,0.7687288,-15.5,73.92918,0.0,0.0,-2.3542322,-2.9095228,19.470127,1.5004095,30.367914,-25.898617,-13.854118,-16.067863,14.24741,-4.4052043,33.95359,-18.126436,-13.854118,10.966592,-6.606293,-5.2857604,-46.426342,35.202328,-23.659077,62.53312,-14.605877,-8.964295,-11.194257,-30.39432,-40.821682,26.892889,50.068295,14.605877,7.82709,10.057051
63,0.7800662,-15.5,73.879585,0.0,0.0,-2.3889526,-1.3803005,19.430605,2.113948,27.521555,-24.461212,-13.854118,-16.198967,14.261018,-4.4122415,34.248955,-18.287327,-13.854118,11.062079,-6.654037,-5.4051204,-46.482746,35.258736,-23.739656,62.613697,-14.670341,-9.012644,-11.258721,-30.491014,-40.902264,27.037933,50.13276,14.670341,7.8754377,10.121514
64,0.7884886,-15.5,73.842735,0.0,0.0,-2.4147464,0.1398848,19.358683,2.7055626,24.603914,-22.954279,-13.854118,-16.295588,14.271222,-4.4173408,34.466785,-18.406017,-13.854118,11.133018,-6.689506,-5.493793,-46.52465,35.30064,-23.79952,62.67356,-14.71823,-9.048561,-11.306612,-30.56285,-40.962128,27.145687,50.18065,14.71823,7.911355,10.169405
65,0.7942634,-15.5,73.81747,0.0,0.0,-2.4324317,1.6110603,19.2627,3.2602866,21.709526,-21.43422,-13.854118,-16.361458,14.278266,-4.4207764,34.615368,-18.486992,-13.854118,11.181656,-6.7138257,-5.55459,-46.553383,35.32937,-23.840565,62.714603,-14.751065,-9.073189,-11.339447,-30.612106,-41.00317,27.219564,50.213486,14.751065,7.9359818,10.20224
66,0.7977613,-15.5,73.80217,0.0,0.0,-2.4431442,2.9629157,19.155115,3.7544827,18.998121,-19.993095,-13.854118,-16.40121,14.282552,-4.422834,34.70507,-18.535885,-13.854118,11.211117,-6.728556,-5.5914173,-46.570786,35.346775,-23.865427,62.739464,-14.770957,-9.088106,-11.359337,-30.641935,-41.02803,27.264317,50.233376,14.770957,7.950899,10.222131
67,0.7994644,-15.5,73.794716,0.0,0.0,-2.4483595,4.074235,19.05462,4.14957,16.736729,-18.78103,-13.854118,-16.420527,14.284641,-4.4238286,34.748657,-18.559645,-13.854118,11.225461,-6.735728,-5.609347,-46.579258,35.355247,-23.877531,62.751564,-14.78064,-9.095368,-11.36902,-30.656464,-41.040134,27.286106,50.24306,14.78064,7.958162,10.231813
68,0.7999724,-15.5,73.792496,0.0,0.0,-2.4499155,4.7597065,18.987398,4.3879595,15.326874,-18.020786,-13.854118,-16.426283,14.285267,-4.4241247,34.76165,-18.566727,-13.854118,11.229739,-6.7378674,-5.6146955,-46.581787,35.357773,-23.881142,62.75518,-14.783528,-9.097535,-11.371909,-30.660797,-41.043747,27.292604,50.245945,14.783528,7.960328,10.234702
69,0.8,-15.5,73.792366,0.0,0.0,-2.4500567,4.8771234,18.974976,4.428405,15.08328,-17.8887,-13.853838,-16.426596,14.285326,-4.4240923,34.76236,-18.567102,-13.854118,11.230131,-6.7384143,-5.61544,-46.582016,35.35789,-23.88143,62.755432,-14.783731,-9.097699,-11.372181,-30.661308,-41.04417,27.293072,50.246334,14.783789,7.9605374,10.23494
70,0.8,-15.5,73.792366,0.0,0.0,-2.4520857,4.840268,18.965061,4.4202046,15.148023,-17.917883,-13.8438,-16.426561,14.286265,-4.4223533,34.762367,-18.5667,-13.854118,11.235827,-6.7538767,-5.6317163,-46.58531,35.357063,-23.884726,62.757496,-14.785379,-9.099346,-11.376301,-30.671196,-41.052418,27.297194,50.254574,14.7874975,7.9638343,10.2378235
71,0.8,-15.5,73.792366,0.0,0.0,-2.4598461,4.700792,18.927063,4.3892474,15.393392,-18.028284,-13.805443,-16.42643,14.289853,-4.415703,34.76241,-18.565168,-13.854118,11.257615,-6.8130145,-5.693966,-46.597923,35.353912,-23.897333,62.76537,-14.791685,-9.105651,-11.392061,-30.70902,-41.083935,27.312954,50.286095,14.80168,7.9764423,10.248856
72,0.8,-15.5,73.792366,0.0,0.0,-2.4764772,4.4094734,18.845247,4.3250513,15.9079075,-18.258701,-13.723419,-16.426147,14.297539,-4.40145,34.7625,-18.561888,-13.854118,11.304307,-6.9397497,-5.827371,-46.62494,35.347157,-23.924353,62.78226,-14.805192,-9.11916,-11.425834,-30.790077,-41.15148,27.346725,50.35364,14.832077,8.003461,10.272497
73,0.8,-15.5,73.792366,0.0,0.0,-2.504395,3.9423304,18.706858,4.223419,16.739683,-18.62807,-13.586275,-16.425673,14.310443,-4.3775244,34.762657,-18.55638,-13.854118,11.382686,-7.152491,-6.0513105,-46.670296,35.33582,-23.969707,62.810604,-14.82787,-9.141837,-11.482527,-30.926138,-41.264866,27.403421,50.467026,14.8831005,8.048815,10.312182
74,0.8,-15.5,73.792366,0.0,0.0,-2.545343,3.3023117,18.501877,4.0868907,17.896353,-19.135122,-13.386358,-16.424969,14.329371,-4.3424296,34.762886,-18.548304,-13.854118,11.497646,-7.464528,-6.37977,-46.736816,35.31919,-24.03623,62.852184,-14.861132,-9.175098,-11.5656805,-31.12571,-41.431175,27.486572,50.633335,14.957939,8.115338,10.37039
75,0.8,-15.5,73.792366,0.0,0.0,-2.6004434,2.5161703,18.223103,3.923745,19.353561,-19.76265,-13.119665,-16.424007,14.354838,-4.2952023,34.76321,-18.537436,-13.854118,11.652341,-7.884412,-6.8217535,-46.826332,35.29681,-24.125746,62.908127,-14.9058895,-9.219856,-11.677575,-31.394257,-41.65496,27.598467,50.85712,15.058643,8.204853,10.448715
76,0.8,-15.5,73.792366,0.0,0.0,-2.6702497,1.6278629,17.866371,3.746052,21.068758,-20.484642,-12.785617,-16.422766,14.387107,-4.2353644,34.763634,-18.523674,-13.854118,11.848322,-8.41636,-7.3816986,-46.93974,35.26846,-24.239151,62.979015,-14.962592,-9.276559,-11.819333,-31.73447,-41.938477,27.740225,51.14064,15.186226,8.318259,10.547946
77,0.8,-15.5,73.792366,0.0,0.0,-2.7547966,0.691121,17.430672,3.567562,22.994717,-21.273382,-12.386751,-16.421227,14.426192,-4.1628838,34.76416,-18.50701,-13.854118,12.085687,-9.0606365,-8.059884,-47.07709,35.23412,-24.376505,63.06485,-15.031269,-9.345236,-11.991024,-32.146534,-42.28186,27.911917,51.48402,15.340747,8.455612,10.66813
78,0.8,-15.5,73.792366,0.0,0.0,-2.8536524,-0.2369082,16.91804,3.4020405,25.089016,-22.104416,-11.928333,-16.41938,14.471891,-4.0781245,34.764812,-18.487532,-13.854118,12.363223,-9.81395,-8.852846,-47.23769,35.19397,-24.537104,63.16523,-15.111569,-9.425535,-12.191772,-32.62833,-42.68336,28.112665,51.885517,15.5214205,8.616212,10.808654
79,0.8,-15.5,73.792366,0.0,0.0,-2.9659691,-1.1004375,16.333256,3.262151,27.318745,-22.959116,-11.417891,-16.417223,14.523818,-3.9818084,34.76559,-18.465412,-13.854118,12.678553,-10.669844,-9.753786,-47.42016,35.148354,-24.719572,63.279278,-15.202802,-9.516769,-12.419857,-33.17573,-43.139526,28.34075,52.341686,15.726698,8.79868,10.968313
80,0.8,-15.5,73.792366,0.0,0.0,-3.0905357,-1.8484792,15.683391,3.158789,29.661406,-23.825241,-10.8647175,-16.414751,14.581411,-3.8749692,34.7665,-18.440891,-13.854118,13.028272,-11.619082,-10.752986,-47.622528,35.097763,-24.92194,63.405754,-15.303986,-9.617953,-12.672818,-33.782837,-43.64545,28.593712,52.84761,15.954363,9.001048,11.145386
81,0.8,-15.5,73.792366,0.0,0.0,-3.2258277,-2.4373693,14.977339,3.1006808,32.103348,-24.69625,-10.279331,-16.411974,14.64397,-3.7589087,34.767544,-18.414274,-13.854118,13.408103,-12.650053,-11.838218,-47.84232,35.042812,-25.141731,63.54312,-15.413883,-9.72785,-12.947559,-34.44222,-44.19493,28.868452,53.39709,16.20163,9.220841,11.337705
82,0.8,-15.5,73.792366,0.0,0.0,-3.3700591,-2.8326464,14.225357,3.0941446,34.63694,-25.569956,-9.672942,-16.408907,14.710664,-3.6351535,34.768723,-18.385916,-13.854118,13.81303,-13.7491455,-12.995156,-48.076633,34.984234,-25.376049,63.689575,-15.53104,-9.845008,-13.240454,-35.145164,-44.78072,29.161345,53.98288,16.465235,9.455156,11.54273
83,0.8,-15.5,73.792366,0.0,0.0,-3.5212344,-3.010411,13.438653,3.1429472,37.257183,-26.44687,-9.056942,-16.405575,14.780575,-3.5054116,34.77003,-18.356209,-13.854118,14.237456,-14.901152,-14.207795,-48.32223,34.922832,-25.621645,63.843067,-15.653838,-9.967806,-13.54745,-35.881954,-45.39471,29.46834,54.59687,16.74153,9.700753,11.7576275
84,0.8,-15.5,73.792366,0.0,0.0,-3.6771989,-2.9581792,12.629028,3.2482305,39.958385,-27.32856,-8.442432,-16.402014,14.852707,-3.371528,34.77146,-18.325584,-13.854118,14.675324,-16.089653,-15.45885,-48.57561,34.85949,-25.875021,64.00143,-15.780528,-10.094495,-13.864171,-36.642086,-46.028152,29.785063,55.23031,17.026579,9.954129,11.979332
85,0.8,-15.5,73.792366,0.0,0.0,-3.8356907,-2.6752062,11.808582,3.4085164,42.73121,-28.216145,-7.8398185,-16.398262,14.926013,-3.2354422,34.772995,-18.294483,-13.854118,15.12029,-17.297415,-16.730179,-48.83309,34.79512,-26.132504,64.16235,-15.909268,-10.223236,-14.186024,-37.41453,-46.671864,30.106915,55.874023,17.316248,10.211613,12.20463
86,0.8,-15.5,73.792366,0.0,0.0,-3.9943924,-2.1722596,10.989438,3.6197948,45.560356,-29.109068,-7.25848,-16.394373,14.999424,-3.0991426,34.774612,-18.263363,-13.854118,15.565844,-18.506775,-18.003187,-49.09091,34.730663,-26.390327,64.323494,-16.03818,-10.352147,-14.508303,-38.188004,-47.31642,30.429197,56.518578,17.606298,10.469437,12.430225
87,0.8,-15.5,73.792366,0.0,0.0,-4.150981,-1.4708339,10.18352,3.875708,48.423153,-30.004274,-6.7065296,-16.390404,15.071861,-2.964625,34.776287,-18.23268,-13.854118,16.005465,-19.700033,-19.259249,-49.345306,34.66707,-26.644718,64.48249,-16.165377,-10.479342,-14.826293,-38.951176,-47.952396,30.747185,57.154552,17.892488,10.723826,12.652817
88,0.8,-15.5,73.792366,0.0,0.0,-4.303181,-0.601829,9.402327,4.167839,51.28899,-30.895697,-6.190656,-16.386421,15.142272,-2.8338451,34.777992,-18.202879,-13.854118,16.432764,-20.85985,-20.480108,-49.592567,34.60525,-26.891981,64.637024,-16.289007,-10.602973,-15.135368,-39.69296,-48.57055,31.056263,57.77271,18.170658,10.971088,12.869171
89,0.8,-15.5,73.792366,0.0,0.0,-4.448815,0.3962544,8.656719,4.4861097,54.11978,-31.77425,-5.716058,-16.382498,15.209651,-2.7086778,34.779697,-18.174381,-13.854118,16.841633,-21.96963,-21.648296,-49.829163,34.5461,-27.128572,64.784904,-16.407303,-10.721271,-15.431112,-40.40274,-49.162037,31.352007,58.364197,18.436827,11.207683,13.076191
90,0.8,-15.5,73.792366,0.0,0.0,-4.5858545,1.479523,7.956712,4.8192677,56.871334,-32.628162,-5.286453,-16.378704,15.273059,-2.5908706,34.781364,-18.147583,-13.854118,17.22637,-23.013916,-22.747547,-50.051796,34.490444,-27.351206,64.92404,-16.51862,-10.832586,-15.709401,-41.07064,-49.718613,31.630295,58.920773,18.687286,11.430314,13.270993
91,0.8,-15.5,73.792366,0.0,0.0,-4.7124726,2.6011944,7.3112454,5.1554623,59.495525,-33.44367,-4.904157,-16.375109,15.331648,-2.4819992,34.78296,-18.122839,-13.854118,17.581848,-23.978788,-23.763203,-50.257492,34.43902,-27.55691,65.05261,-16.62147,-10.935437,-15.966528,-41.68774,-50.232864,31.887417,59.435028,18.918701,11.636016,13.450982
92,0.8,-15.5,73.792366,0.0,0.0,-4.8270935,3.7142773,6.727966,5.4828753,61.943176,-34.20598,-4.570208,-16.37178,15.384688,-2.3834238,34.784447,-18.10045,-13.854118,17.903646,-24.85224,-24.682623,-50.443703,34.392467,-27.743116,65.16899,-16.714575,-11.0285425,-16.199291,-42.246372,-50.698395,32.120182,59.90056,19.128187,11.822227,13.613916
93,0.8,-15.5,73.792366,0.0,0.0,-4.9284458,4.7742867,6.212985,5.7903805,64.167336,-34.900463,-4.2845154,-16.368778,15.43159,-2.2962444,34.7858,-18.080667,-13.854118,18.188192,-25.62458,-25.495615,-50.60836,34.3513,-27.907772,65.2719,-16.796904,-11.11087,-16.405111,-42.74034,-51.11003,32.326004,60.31219,19.313427,11.986881,13.757991
94,0.8,-15.5,73.792366,0.0,0.0,-5.0156133,5.7418585,5.770643,6.0681925,66.12685,-35.513897,-4.046014,-16.366154,15.47193,-2.221255,34.78699,-18.063658,-13.854118,18.432913,-26.288822,-26.194817,-50.74997,34.3159,-28.049385,65.360405,-16.867708,-11.181676,-16.582123,-43.165173,-51.464058,32.503014,60.66622,19.472736,12.128491,13.881899
95,0.8,-15.5,73.792366,0.0,0.0,-5.0880847,6.5851207,5.40326,6.3084717,67.7898,-36.03575,-3.8527956,-16.363941,15.505468,-2.1589003,34.788,-18.049524,-13.854118,18.636375,-26.841078,-26.77614,-50.867706,34.286465,-28.16712,65.43399,-16.926575,-11.240543,-16.729292,-43.518375,-51.758396,32.650185,60.960556,19.60519,12.246227,13.984919
96,0.8,-15.5,73.792366,0.0,0.0,-5.1458069,7.2816978,5.110887,6.5058494,69.13678,-36.459328,-3.7021945,-16.362158,15.532184,-2.10923,34.788815,-18.038269,-13.854118,18.798431,-27.280945,-27.239155,-50.96148,34.26302,-28.260897,65.4926,-16.973463,-11.287431,-16.84651,-43.7997,-51.992836,32.767403,61.194996,19.710686,12.340002,14.066971
97,0.8,-15.5,73.792366,0.0,0.0,-5.1892365,7.8202367,4.891048,6.6578407,70.16358,-36.782764,-3.5908103,-16.360806,15.552283,-2.0718555,34.789436,-18.029802,-13.854118,18.920359,-27.61189,-27.587523,-51.032036,34.245384,-28.33145,65.53669,-17.008741,-11.322708,-16.934706,-44.011368,-52.16922,32.855595,61.371387,19.79006,12.410557,14.128707
98,0.8,-15.5,73.792366,0.0,0.0,-5.2193899,8.20139,4.738483,6.765121,70.8833,-37.009758,-3.5144496,-16.35986,15.56624,-2.045905,34.78987,-18.023926,-13.854118,19.005014,-27.841671,-27.829391,-51.08102,34.23314,-28.380436,65.567314,-17.033234,-11.347201,-16.995937,-44.158325,-52.291687,32.91683,61.49385,19.84517,12.459543,14.17157
99,0.8,-15.5,73.792366,0.0,0.0,-5.2378943,8.438227,4.644883,6.8316674,71.32778,-37.150055,-3.4679828,-16.359278,15.574805,-2.0299788,34.790142,-18.020319,-13.854118,19.056967,-27.982681,-27.977827,-51.111084,34.22562,-28.4105,65.586105,-17.048265,-11.362232,-17.033516,-44.248512,-52.366844,32.954407,61.569,19.87899,12.489606,14.197874
100,0.8,-15.5,73.792366,0.0,0.0,-5.2470417,8.55612,4.5986233,6.864761,71.548294,-37.219692,-3.445124,-16.358988,15.579039,-2.022106,34.79027,-18.018538,-13.854118,19.082645,-28.052383,-28.0512,-51.125942,34.221905,-28.425356,65.59539,-17.055695,-11.369663,-17.05209,-44.29309,-52.403996,32.97298,61.60615,19.895708,12.504466,14.210876
101,0.8,-15.5,73.792366,0.0,0.0,-5.2498366,8.592252,4.5844884,6.8749,71.615776,-37.241005,-3.438154,-16.358902,15.580331,-2.0197003,34.790314,-18.017992,-13.854118,19.090494,-28.073683,-28.07362,-51.130486,34.22077,-28.429901,65.59823,-17.057966,-11.371933,-17.057766,-44.306713,-52.415348,32.978657,61.617504,19.900816,12.5090065,14.214849
102,0.8,-15.5,73.79224,0.0,0.0,-5.2500386,8.594532,4.583408,6.8757215,71.61985,-37.242344,-3.437518,-16.359272,15.580434,-2.0196397,34.791092,-18.018364,-13.854118,19.090954,-28.074932,-28.074932,-51.130753,34.220703,-28.430162,65.59839,-17.058098,-11.372066,-17.058098,-44.30751,-52.416008,32.97899,61.618168,19.901114,12.509273,14.215081
103,0.8,-15.5,73.78695,0.0,0.0,-5.2515812,8.601096,4.573309,6.8848114,71.6249,-37.245876,-3.428429,-16.37425,15.581459,-2.0228214,34.821938,-18.034431,-13.854118,19.090954,-28.074932,-28.074932,-51.130753,34.220703,-28.430162,65.59839,-17.058098,-11.372066,-17.058098,-44.30751,-52.416008,32.97899,61.618168,19.901114,12.509273,14.215081
104,0.8,-15.5,73.766426,0.0,0.0,-5.257566,8.62657,4.5341187,6.9200826,71.64449,-37.259594,-3.3931575,-16.432247,15.585435,-2.0351427,34.941376,-18.096645,-13.854118,19.090954,-28.074932,-28.074932,-51.130753,34.220703,-28.430162,65.59839,-17.058098,-11.372066,-17.058098,-44.30751,-52.416008,32.97899,61.618168,19.901114,12.509273,14.215081
105,0.8,-15.5,73.722404,0.0,0.0,-5.2704072,8.681225,4.450034,6.9957585,71.68653,-37.289024,-3.3174813,-16.556044,15.593973,-2.061443,35.19631,-18.229424,-13.854118,19.090954,-28.074932,-28.074932,-51.130753,34.220703,-28.430162,65.59839,-17.058098,-11.372066,-17.058098,-44.30751,-52.416008,32.97899,61.618168,19.901114,12.509273,14.215081
106,0.8,-15.5,73.648705,0.0,0.0,-5.2919033,8.7727165,4.3092766,7.12244,71.75691,-37.338287,-3.1907995,-16.761347,15.608266,-2.1050677,35.61909,-18.449596,-13.854118,19.090954,-28.074932,-28.074932,-51.130753,34.220703,-28.430162,65.59839,-17.058098,-11.372066,-17.058098,-44.30751,-52.416008,32.97899,61.618168,19.901114,12.509273,14.215081
107,0.8,-15.5,73.54111,0.0,0.0,-5.3232852,8.906289,4.1037817,7.307385,71.85966,-37.41021,-3.0058544,-17.056898,15.629143,-2.1678894,36.2277,-18.766481,-13.854118,19.090954,-28.074932,-28.074932,-51.130753,34.220703,-28.430162,65.59839,-17.058098,-11.372066,-17.058098,-44.30751,-52.416008,32.97899,61.618168,19.901114,12.509273,14.215081
108,0.8,-15.5,73.39717,0.0,0.0,-5.3652666,9.08497,3.828886,7.554791,71.99711,-37.506428,-2.7584481,-17.444902,15.657089,-2.2504141,37.02666,-19.182358,-13.854118,19.090954,-28.074932,-28.074932,-51.130753,34.220703,-28.430162,65.59839,-17.058098,-11.372066,-17.058098,-44.30751,-52.416008,32.97899,61.618168,19.901114,12.509273,14.215081
109,0.8,-15.5,73.21607,0.0,0.0,-5.4180875,9.309791,3.48301,7.86608,72.17005,-37.627483,-2.4471598,-17.921875,15.692294,-2.351973,38.008766,-19.693386,-13.854118,19.090954,-28.074932,-28.074932,-51.130753,34.220703,-28.430162,65.59839,-17.058098,-11.372066,-17.058098,-44.30751,-52.416008,32.97899,61.618168,19.901114,12.509273,14.215081
110,0.8,-15.5,72.99843,0.0,0.0,-5.4815661,9.57997,3.0673478,8.240176,72.37788,-37.772964,-2.0730636,-18.479786,15.734676,-2.4709766,39.157436,-20.29084,-13.854118,19.090954,-28.074932,-28.074932,-51.130753,34.220703,-28.430162,65.59839,-17.058098,-11.372066,-17.058098,-44.30751,-52.416008,32.97899,61.618168,19.901114,12.509273,14.215081
111,0.8,-15.5,72.74616,0.0,0.0,-5.5551441,9.893138,2.585552,8.673793,72.618774,-37.941593,-1.6394476,-19.10735,15.783916,-2.6051884,40.449375,-20.962494,-13.854118,19.090954,-28.074932,-28.074932,-51.130753,34.220703,-28.430162,65.59839,-17.058098,-11.372066,-17.058098,-44.30751,-52.416008,32.97899,61.618168,19.901114,12.509273,14.215081
112,0.8,-15.5,72.4623,0.0,0.0,-5.6379364,10.245523,2.0434208,9.161711,72.88984,-38.13134,-1.1515294,-19.791231,15.839486,-2.7519803,41.857063,-21.693941,-13.854118,19.090954,-28.074932,-28.074932,-51.130753,34.220703,-28.430162,65.59839,-17.058098,-11.372066,-17.058098,-44.30751,-52.416008,32.97899,61.618168,19.901114,12.509273,14.215081
113,0.8,-15.5,72.15084,0.0,0.0,-5.7287777,10.632167,1.4485836,9.697064,73.18726,-38.339535,-0.6161759,-20.517109,15.90067,-2.908539,43.35093,-22.46974,-13.854118,19.090954,-28.074932,-28.074932,-51.130753,34.220703,-28.430162,65.59839,-17.058098,-11.372066,-17.058098,-44.30751,-52.416008,32.97899,61.618168,19.901114,12.509273,14.215081
114,0.8,-15.5,71.81658,0.0,0.0,-5.8262713,11.047125,0.8101877,10.271621,73.506454,-38.56297,-0.0416196,-21.270473,15.966596,-3.0720108,44.901043,-23.274282,-13.854118,19.090954,-28.074932,-28.074932,-51.130753,34.220703,-28.430162,65.59839,-17.058098,-11.372066,-17.058098,-44.30751,-52.416008,32.97899,61.618168,19.901114,12.509273,14.215081
115,0.8,-15.5,71.464935,0.0,0.0,-5.928836,11.483666,0.138585,10.876062,73.842255,-38.79803,0.5628228,-22.037216,16.036238,-3.2395976,46.47829,-24.09242,-13.854118,19.090954,-28.074932,-28.074932,-51.130753,34.220703,-28.430162,65.59839,-17.058098,-11.372066,-17.058098,-44.30751,-52.416008,32.97899,61.618168,19.901114,12.509273,14.215081
116,0.8,-15.5,71.10178,0.0,0.0,-6.0347551,11.934485,-0.5549822,11.500273,74.18904,-39.04078,1.1870333,-22.804,16.108477,-3.408606,48.055183,-24.909887,-13.854118,19.090954,-28.074932,-28.074932,-51.130753,34.220703,-28.430162,65.59839,-17.058098,-11.372066,-17.058098,-44.30751,-52.416008,32.97899,61.618168,19.901114,12.509273,14.215081
117,0.8,-15.5,70.73332,0.0,0.0,-6.1422229,12.391898,-1.2586942,12.133614,74.54089,-39.28708,1.820374,-23.558495,16.18209,-3.576472,49.606304,-25.713518,-13.854118,19.090954,-28.074932,-28.074932,-51.130753,34.220703,-28.430162,65.59839,-17.058098,-11.372066,-17.058098,-44.30751,-52.416008,32.97899,61.618168,19.901114,12.509273,14.215081
118,0.8,-15.5,70.36587,0.0,0.0,-6.2493953,12.848051,-1.9604682,12.76521,74.891785,-39.5327,2.4519708,-24.289488,16.255814,-3.7407672,51.108597,-26.491402,-13.854118,19.090954,-28.074932,-28.074932,-51.130753,34.220703,-28.430162,65.59839,-17.058098,-11.372066,-17.058098,-44.30751,-52.416008,32.97899,61.618168,19.901114,12.509273,14.215081
119,0.8,-15.5,70.00574,0.0,0.0,-6.3544345,13.295123,-2.6482716,13.384233,75.23569,-39.773434,3.0709934,-24.986969,16.328358,-3.89921,52.541492,-27.232937,-13.854118,19.090954,-28.074932,-28.074932,-51.130753,34.220703,-28.430162,65.59839,-17.058098,-11.372066,-17.058098,-44.30751,-52.416008,32.97899,61.618168,19.901114,12.509273,14.215081
120,0.8,-15.5,69.65903,0.0,0.0,-6.4555575,13.725528,-3.3104348,13.980181,75.56677,-40.005188,3.6669405,-25.64214,16.398453,-4.0496726,53.88697,-27.928862,-13.854118,19.090954,-28.074932,-28.074932,-51.130753,34.220703,-28.430162,65.59839,-17.058098,-11.372066,-17.058098,-44.30751,-52.416008,32.97899,61.618168,19.901114,12.509273,14.215081
121,0.8,-15.5,69.331505,0.0,0.0,-6.5510863,14.132125,-3.9359667,14.543159,75.87953,-40.224125,4.2299194,-26.24746,16.464888,-4.1902013,55.129593,-28.571274,-13.854118,19.090954,-28.074932,-28.074932,-51.130753,34.220703,-28.430162,65.59839,-17.058098,-11.372066,-17.058098,-44.30751,-52.416008,32.97899,61.618168,19.901114,12.509273,14.215081
122,0.8,-15.5,69.02839,0.0,0.0,-6.6394938,14.508411,-4.514867,15.06417,76.16899,-40.42674,4.7509294,-26.796667,16.526546,-4.3190475,56.256607,-29.153654,-13.854118,19.090954,-28.074932,-28.074932,-51.130753,34.220703,-28.430162,65.59839,-17.058098,-11.372066,-17.058098,-44.30751,-52.416008,32.97899,61.618168,19.901114,12.509273,14.215081
123,0.8,-15.5,68.75425,0.0,0.0,-6.7194519,14.848733,-5.0384393,15.535384,76.43077,-40.60999,5.222145,-27.284836,16.58245,-4.434709,57.25801,-29.670908,-13.854118,19.090954,-28.074932,-28.074932,-51.130753,34.220703,-28.430162,65.59839,-17.058098,-11.372066,-17.058098,-44.30751,-52.416008,32.97899,61.618168,19.901114,12.509273,14.215081
124,0.8,-15.5,68.51279,0.0,0.0,-6.7898798,15.148491,-5.499607,15.950436,76.661354,-40.771397,5.6371956,-27.708445,16.631792,-4.535984,58.126694,-30.11945,-13.854118,19.090954,-28.074932,-28.074932,-51.130753,34.220703,-28.430162,65.59839,-17.058098,-11.372066,-17.058098,-44.30751,-52.416008,32.97899,61.618168,19.901114,12.509273,14.215081
125,0.8,-15.5,68.30669,0.0,0.0,-6.8499913,15.404343,-5.8932233,16.30469,76.85816,-40.909164,5.991451,-28.065498,16.673975,-4.622029,58.85868,-30.497284,-13.854118,19.090954,-28.074932,-28.074932,-51.130753,34.220703,-28.430162,65.59839,-17.058098,-11.372066,-17.058098,-44.30751,-52.416008,32.97899,61.618168,19.901114,12.509273,14.215081
126,0.8,-15.5,68.13748,0.0,0.0,-6.8993445,15.614402,-6.2163897,16.595541,77.01975,-41.022274,6.2823,-28.355654,16.708654,-4.692429,59.453377,-30.804173,-13.854118,19.090954,-28.074932,-28.074932,-51.130753,34.220703,-28.430162,65.59839,-17.058098,-11.372066,-17.058098,-44.30751,-52.416008,32.97899,61.618168,19.901114,12.509273,14.215081
127,0.8,-15.5,68.00533,0.0,0.0,-6.9378855,15.778443,-6.468764,16.822676,77.14593,-41.110603,6.5094366,-28.580439,16.735764,-4.7472672,59.91398,-31.041817,-13.854118,19.090954,-28.074932,-28.074932,-51.130753,34.220703,-28.430162,65.59839,-17.058098,-11.372066,-17.058098,-44.30751,-52.416008,32.97899,61.618168,19.901114,12.509273,14.215081
128,0.8,-15.5,67.90893,0.0,0.0,-6.9660031,15.898118,-6.6528783,16.98838,77.23799,-41.175045,6.67514,-28.743443,16.755556,-4.7872014,60.247948,-31.214096,-13.854118,19.090954,-28.074932,-28.074932,-51.130753,34.220703,-28.430162,65.59839,-17.058098,-11.372066,-17.058098,-44.30751,-52.416008,32.97899,61.618168,19.901114,12.509273,14.215081
129,0.8,-15.5,67.845276,0.0,0.0,-6.9845693,15.97714,-6.774452,17.097797,77.298775,-41.217594,6.784556,-28.85063,16.768631,-4.8135395,60.467533,-31.327356,-13.854118,19.090954,-28.074932,-28.074932,-51.130753,34.220703,-28.430162,65.59839,-17.058098,-11.372066,-17.058098,-44.30751,-52.416008,32.97899,61.618168,19.901114,12.509273,14.215081
130,0.8,-15.5,67.80954,0.0,0.0,-6.9949924,16.021503,-6.8427024,17.159222,77.3329,-41.24148,6.8459816,-28.910652,16.775974,-4.8283143,60.59047,-31.390772,-13.854118,19.090954,-28.074932,-28.074932,-51.130753,34.220703,-28.430162,65.59839,-17.058098,-11.372066,-17.058098,-44.30751,-52.416008,32.97899,61.618168,19.901114,12.509273,14.215081
131,0.8,-15.5,67.7949,0.0,0.0,-6.9992623,16.039677,-6.870662,17.184385,77.34688,-41.251266,6.8711457,-28.93521,16.778982,-4.834365,60.640774,-31.41671,-13.854118,19.090954,-28.074932,-28.074932,-51.130753,34.220703,-28.430162,65.59839,-17.058098,-11.372066,-17.058098,-44.30751,-52.416008,32.97899,61.618168,19.901114,12.509273,14.215081
132,0.8,-15.5,67.79237,0.0,0.0,-6.9999998,16.042816,-6.875491,17.188732,77.3493,-41.252956,6.875491,-28.93945,16.779501,-4.8354106,60.64946,-31.42119,-13.854118,19.090954,-28.074932,-28.074932,-51.130753,34.220703,-28.430162,65.59839,-17.058098,-11.372066,-17.058098,-44.30751,-52.416008,32.97899,61.618168,19.901114,12.509273,14.215081
133,0.8,-15.5,67.792366,0.0,0.0,-6.9996325,16.042818,-6.8754926,17.188734,77.3493,-41.25296,6.8754926,-28.939453,16.779268,-4.8356795,60.649467,-31.421274,-13.854118,19.090954,-28.074932,-28.074932,-51.130753,34.220703,-28.430162,65.59839,-17.058098,-11.372066,-17.058098,-44.30751,-52.416008,32.97899,61.618168,19.901114,12.509273,14.215081
134,0.8,-15.5,67.792366,0.0,0.0,-6.9968227,16.042818,-6.8754926,17.188734,77.3493,-41.25296,6.8754926,-28.939453,16.77748,-4.837734,60.64946,-31.421894,-13.854118,19.090954,-28.074932,-28.074932,-51.130753,34.220703,-28.430162,65.59839,-17.058098,-11.372066,-17.058098,-44.30751,-52.416008,32.97899,61.618168,19.901114,12.509273,14.215081
135,0.8,-15.5,67.792366,0.0,0.0,-6.9893919,16.042818,-6.8754926,17.188734,77.3493,-41.25296,6.8754926,-28.939453,16.772749,-4.8431683,60.649445,-31.423536,-13.854118,19.090954,-28.074932,-28.074932,-51.130753,34.220703,-28.430162,65.59839,-17.058098,-11.372066,-17.058098,-44.30751,-52.416008,32.97899,61.618168,19.901114,12.509273,14.215081
136,0.8,-15.5,67.792366,0.0,0.0,-6.9756686,16.042818,-6.8754926,17.188734,77.3493,-41.25296,6.8754926,-28.93945,16.764015,-4.8532043,60.649414,-31.426573,-13.854118,19.090954,-28.074932,-28.074932,-51.130753,34.220703,-28.430162,65.59839,-17.058098,-11.372066,-17.058098,-44.30751,-52.416008,32.97899,61.618168,19.901114,12.509273,14.215081
137,0.8,-15.5,67.792366,0.0,0.0,-6.9544549,16.042818,-6.8754926,17.188734,77.3493,-41.25296,6.8754926,-28.939444,16.750511,-4.8687167,60.64937,-31.431261,-13.854118,19.090954,-28.074932,-28.074932,-51.130753,34.220703,-28.430162,65.59839,-17.058098,-11.372066,-17.058098,-44.30751,-52.416008,32.97899,61.618168,19.901114,12.509273,14.215081
138,0.8,-15.5,67.792366,0.0,0.0,-6.9249862,16.042818,-6.8754926,17.188734,77.3493,-41.25296,6.8754926,-28.939426,16.731754,-4.8902655,60.64932,-31.437778,-13.854118,19.090954,-28.074932,-28.074932,-51.130753,34.220703,-28.430162,65.59839,-17.058098,-11.372066,-17.058098,-44.30751,-52.416008,32.97899,61.618168,19.901114,12.509273,14.215081
139,0.8,-15.5,67.792366,0.0,0.0,-6.8868938,16.042818,-6.8754926,17.188734,77.3493,-41.25296,6.8754926,-28.939398,16.70751,-4.9181175,60.649242,-31.446207,-13.854118,19.090954,-28.074932,-28.074932,-51.130753,34.220703,-28.430162,65.59839,-17.058098,-11.372066,-17.058098,-44.30751,-52.416008,32.97899,61.618168,19.901114,12.509273,14.215081
140,0.8,-15.5,67.792366,0.0,0.0,-6.8401656,16.042818,-6.8754926,17.188734,77.3493,-41.25296,6.8754926,-28.939356,16.67777,-4.952281,60.64916,-31.456541,-13.854118,19.090954,-28.074932,-28.074932,-51.130753,34.220703,-28.430162,65.59839,-17.058098,-11.372066,-17.058098,-44.30751,-52.416008,32.97899,61.618168,19.901114,12.509273,14.215081
141,0.8,-15.5,67.792366,0.0,0.0,-6.7851083,16.042818,-6.8754926,17.188734,77.3493,-41.25296,6.8754926,-28.93928,16.642733,-4.9925294,60.649067,-31.46872,-13.854118,19.090954,-28.074932,-28.074932,-51.130753,34.220703,-28.430162,65.59839,-17.058098,-11.372066,-17.058098,-44.30751,-52.416008,32.97899,61.618168,19.901114,12.509273,14.215081
142,0.8,-15.5,67.792366,0.0,0.0,-6.7223091,16.042818,-6.8754926,17.188734,77.3493,-41.25296,6.8754926,-28.93917,16.602766,-5.0384316,60.648987,-31.482615,-13.854118,19.090954,-28.074932,-28.074932,-51.130753,34.220703,-28.430162,65.59839,-17.058098,-11.372066,-17.058098,-44.30751,-52.416008,32.97899,61.618168,19.901114,12.509273,14.215081
143,0.8,-15.5,67.792366,0.0,0.0,-6.6525977,16.042818,-6.8754926,17.188734,77.3493,-41.25296,6.8754926,-28.939018,16.558409,-5.089379,60.64889,-31.498041,-13.854118,19.090954,-28.074932,-28.074932,-51.130753,34.220703,-28.430162,65.59839,-17.058098,-11.372066,-17.058098,-44.30751,-52.416008,32.97899,61.618168,19.901114,12.509273,14.215081
144,0.8,-15.5,67.792366,0.0,0.0,-6.5770078,16.042818,-6.8754926,17.188734,77.3493,-41.25296,6.8754926,-28.938812,16.510311,-5.1446147,60.6488,-31.514769,-13.854118,19.090954,-28.074932,-28.074932,-51.130753,34.220703,-28.430162,65.59839,-17.058098,-11.372066,-17.058098,-44.30751,-52.416008,32.97899,61.618168,19.901114,12.509273,14.215081
145,0.8,-15.5,67.792366,0.0,0.0,-6.4967378,16.042818,-6.8754926,17.188734,77.3493,-41.25296,6.8754926,-28.93855,16.45924,-5.2032604,60.648724,-31.532534,-13.854118,19.090954,-28.074932,-28.074932,-51.130753,34.220703,-28.430162,65.59839,-17.058098,-11.372066,-17.058098,-44.30751,-52.416008,32.97899,61.618168,19.901114,12.509273,14.215081
146,0.8,-15.5,67.792366,0.0,0.0,-6.4131139,16.042818,-6.8754926,17.188734,77.3493,-41.25296,6.8754926,-28.938227,16.406038,-5.2643466,60.64865,-31.551052,-13.854118,19.090954,-28.074932,-28.074932,-51.130753,34.220703,-28.430162,65.59839,-17.058098,-11.372066,-17.058098,-44.30751,-52.416008,32.97899,61.618168,19.901114,12.509273,14.215081
147,0.8,-15.5,67.792366,0.0,0.0,-6.327551,16.042818,-6.8754926,17.188734,77.3493,-41.25296,6.8754926,-28.937853,16.351608,-5.326838,60.64861,-31.57,-13.854118,19.090954,-28.074932,-28.074932,-51.130753,34.220703,-28.430162,65.59839,-17.058098,-11.372066,-17.058098,-44.30751,-52.416008,32.97899,61.618168,19.901114,12.509273,14.215081
148,0.8,-15.5,67.792366,0.0,0.0,-6.2415144,16.042818,-6.8754926,17.188734,77.3493,-41.25296,6.8754926,-28.937424,16.296883,-5.3896646,60.64857,-31.589056,-13.854118,19.090954,-28.074932,-28.074932,-51.130753,34.220703,-28.430162,65.59839,-17.058098,-11.372066,-17.058098,-44.30751,-52.416008,32.97899,61.618168,19.901114,12.509273,14.215081
149,0.8,-15.5,67.792366,0.0,0.0,-6.1564827,16.042818,-6.8754926,17.188734,77.3493,-41.25296,6.8754926,-28.936943,16.242802,-5.451747,60.648556,-31.607895,-13.854118,19.090954,-28.074932,-28.074932,-51.130753,34.220703,-28.430162,65.59839,-17.058098,-11.372066,-17.058098,-44.30751,-52.416008,32.97899,61.618168,19.901114,12.509273,14.215081
150,0.8,-15.5,67.792366,0.0,0.0,-6.0739072,16.042818,-6.8754926,17.188734,77.3493,-41.25296,6.8754926,-28.936436,16.190287,-5.512026,60.64857,-31.626188,-13.854118,19.090954,-28.074932,-28.074932,-51.130753,34.220703,-28.430162,65.59839,-17.058098,-11.372066,-17.058098,-44.30751,-52.416008,32.97899,61.618168,19.901114,12.509273,14.215081
151,0.8,-15.5,67.792366,0.0,0.0,-5.9951751,16.042818,-6.8754926,17.188734,77.3493,-41.25296,6.8754926,-28.935907,16.140219,-5.5694895,60.648575,-31.643633,-13.854118,19.090954,-28.074932,-28.074932,-51.130753,34.220703,-28.430162,65.59839,-17.058098,-11.372066,-17.058098,-44.30751,-52.416008,32.97899,61.618168,19.901114,12.509273,14.215081
152,0.8,-15.5,67.792366,0.0,0.0,-5.9215713,16.042818,-6.8754926,17.188734,77.3493,-41.25296,6.8754926,-28.935373,16.093418,-5.623203,60.648613,-31.659946,-13.854118,19.090954,-28.074932,-28.074932,-51.130753,34.220703,-28.430162,65.59839,-17.058098,-11.372066,-17.058098,-44.30751,-52.416008,32.97899,61.618168,19.901114,12.509273,14.215081
153,0.8,-15.5,67.792366,0.0,0.0,-5.854239,16.042818,-6.8754926,17.188734,77.3493,-41.25296,6.8754926,-28.93485,16.050608,-5.6723323,60.64865,-31.67487,-13.854118,19.090954,-28.074932,-28.074932,-51.130753,34.220703,-28.430162,65.59839,-17.058098,-11.372066,-17.058098,-44.30751,-52.416008,32.97899,61.618168,19.901114,12.509273,14.215081
154,0.8,-15.5,67.792366,0.0,0.0,-5.7941432,16.042818,-6.8754926,17.188734,77.3493,-41.25296,6.8754926,-28.934362,16.012402,-5.716176,60.648697,-31.688192,-13.854118,19.090954,-28.074932,-28.074932,-51.130753,34.220703,-28.430162,65.59839,-17.058098,-11.372066,-17.058098,-44.30751,-52.416008,32.97899,61.618168,19.901114,12.509273,14.215081
155,0.8,-15.5,67.792366,0.0,0.0,-5.7420303,16.042818,-6.8754926,17.188734,77.3493,-41.25296,6.8754926,-28.933916,15.97927,-5.754192,60.648743,-31.69975,-13.854118,19.090954,-28.074932,-28.074932,-51.130753,34.220703,-28.430162,65.59839,-17.058098,-11.372066,-17.058098,-44.30751,-52.416008,32.97899,61.618168,19.901114,12.509273,14.215081
156,0.8,-15.5,67.792366,0.0,0.0,-5.6983919,16.042818,-6.8754926,17.188734,77.3493,-41.25296,6.8754926,-28.933527,15.951531,-5.786023,60.64879,-31.709423,-13.854118,19.090954,-28.074932,-28.074932,-51.130753,34.220703,-28.430162,65.59839,-17.058098,-11.372066,-17.058098,-44.30751,-52.416008,32.97899,61.618168,19.901114,12.509273,14.215081
157,0.8,-15.5,67.792366,0.0,0.0,-5.6634231,16.042818,-6.8754926,17.188734,77.3493,-41.25296,6.8754926,-28.933207,15.929301,-5.811528,60.64882,-31.71718,-13.854118,19.090954,-28.074932,-28.074932,-51.130753,34.220703,-28.430162,65.59839,-17.058098,-11.372066,-17.058098,-44.30751,-52.416008,32.97899,61.618168,19.901114,12.509273,14.215081
158,0.8,-15.5,67.792366,0.0,0.0,-5.6369884,16.042818,-6.8754926,17.188734,77.3493,-41.25296,6.8754926,-28.93296,15.9124975,-5.8308077,60.64885,-31.72304,-13.854118,19.090954,-28.074932,-28.074932,-51.130753,34.220703,-28.430162,65.59839,-17.058098,-11.372066,-17.058098,-44.30751,-52.416008,32.97899,61.618168,19.901114,12.509273,14.215081
159,0.8,-15.5,67.792366,0.0,0.0,-5.6185811,16.042818,-6.8754926,17.188734,77.3493,-41.25296,6.8754926,-28.932783,15.900797,-5.8442316,60.64887,-31.727127,-13.854118,19.090954,-28.074932,-28.074932,-51.130753,34.220703,-28.430162,65.59839,-17.058098,-11.372066,-17.058098,-44.30751,-52.416008,32.97899,61.618168,19.901114,12.509273,14.215081
160,0.8,-15.5,67.792366,0.0,0.0,-5.607285,16.042818,-6.8754926,17.188734,77.3493,-41.25296,6.8754926,-28.932674,15.893616,-5.85247,60.64889,-31.72963,-13.854118,19.090954,-28.074932,-28.074932,-51.130753,34.220703,-28.430162,65.59839,-17.058098,-11.372066,-17.058098,-44.30751,-52.416008,32.97899,61.618168,19.901114,12.509273,14.215081
161,0.8,-15.5,67.792366,0.0,0.0,-5.601736,16.042818,-6.8754926,17.188734,77.3493,-41.25296,6.8754926,-28.932621,15.890091,-5.856517,60.648895,-31.730862,-13.854118,19.090954,-28.074932,-28.074932,-51.130753,34.220703,-28.430162,65.59839,-17.058098,-11.372066,-17.058098,-44.30751,-52.416008,32.97899,61.618168,19.901114,12.509273,14.215081
162,0.8,-15.5,67.792366,0.0,0.0,-5.6000844,16.042818,-6.8754926,17.188734,77.3493,-41.25296,6.8754926,-28.932606,15.889042,-5.857721,60.648895,-31.731226,-13.854118,19.090954,-28.074932,-28.074932,-51.130753,34.220703,-28.430162,65.59839,-17.058098,-11.372066,-17.058098,-44.30751,-52.416008,32.97899,61.618168,19.901114,12.509273,14.215081
163,0.8,-15.5,67.79255,0.0,0.0,-5.5999071,16.042599,-6.875156,17.188429,77.34913,-41.252842,6.87519,-28.93231,15.888929,-5.8577447,60.648293,-31.73094,-13.854118,19.090721,-28.074305,-28.074268,-51.130615,34.220737,-28.430033,65.598305,-17.058031,-11.371999,-17.05793,-44.30711,-52.415676,32.97882,61.617836,19.900965,12.509138,14.214965
164,0.8,-15.5,67.798256,0.0,0.0,-5.5969095,16.03551,-6.8642497,17.178616,77.34368,-41.249023,6.8653746,-28.922768,15.887076,-5.8565173,60.628674,-31.721088,-13.854118,19.08324,-28.053993,-28.052893,-51.12629,34.22182,-28.425703,65.595604,-17.055868,-11.369835,-17.052519,-44.29412,-52.404854,32.97341,61.607014,19.896093,12.504808,14.211178
165,0.8,-15.5,67.81957,0.0,0.0,-5.5857186,16.009047,-6.82354,17.141973,77.323326,-41.234776,6.8287354,-28.887136,15.880163,-5.8519363,60.555374,-31.684273,-13.854118,19.055313,-27.978191,-27.9731,-51.11013,34.22586,-28.409538,65.5855,-17.047787,-11.361754,-17.032318,-44.245644,-52.364452,32.953213,61.566612,19.877914,12.488648,14.197037
166,0.8,-15.5,67.86468,0.0,0.0,-5.5620362,15.95305,-6.737388,17.064438,77.28024,-41.204624,6.7511983,-28.811604,15.865554,-5.842248,60.399994,-31.606218,-13.854118,18.996214,-27.81778,-27.804247,-51.07593,34.23441,-28.375341,65.56413,-17.030687,-11.344655,-16.98957,-44.143047,-52.278954,32.91046,61.481106,19.83944,12.454451,14.167112
167,0.8,-15.5,67.93967,0.0,0.0,-5.5226678,15.85996,-6.5941725,16.935543,77.20864,-41.154495,6.6223044,-28.685661,15.841325,-5.826159,60.14087,-31.476023,-13.854118,18.897966,-27.551111,-27.523542,-51.019077,34.248623,-28.31849,65.5286,-17.002262,-11.31623,-16.918507,-43.972492,-52.136826,32.8394,61.33899,19.775484,12.397599,14.117368
168,0.8,-15.5,68.04868,0.0,0.0,-5.4654353,15.724628,-6.38597,16.748163,77.10454,-41.081627,6.434922,-28.501703,15.806242,-5.8028045,59.7623,-31.285738,-13.854118,18.75514,-27.16344,-27.115465,-50.93643,34.269283,-28.235844,65.476944,-16.960938,-11.274905,-16.815197,-43.724545,-51.930206,32.736088,61.13237,19.682505,12.314951,14.045052
169,0.8,-15.5,68.19411,0.0,0.0,-5.3890919,15.544107,-6.1082454,16.49821,76.965675,-40.98442,6.1849704,-28.254702,15.759703,-5.7717085,59.25382,-31.03004,-13.854118,18.564621,-26.646315,-26.571125,-50.826183,34.29685,-28.125597,65.40804,-16.905815,-11.219782,-16.67739,-43.39381,-51.654594,32.59828,60.85675,19.558477,12.204705,13.9485855
170,0.8,-15.5,68.376686,0.0,0.0,-5.2932358,15.317447,-5.7595377,16.184374,76.79132,-40.862377,5.8711333,-27.941872,15.701693,-5.7327423,58.60955,-30.70587,-13.854118,18.325407,-25.997023,-25.887657,-50.68776,34.33145,-27.987175,65.32152,-16.836603,-11.150571,-16.50436,-42.978542,-51.308537,32.42525,60.5107,19.402752,12.066282,13.827466
171,0.8,-15.5,68.59576,0.0,0.0,-5.1782239,15.045489,-5.341145,15.807819,76.58212,-40.71594,5.4945793,-27.562435,15.632736,-5.686072,57.827713,-30.312172,-13.854118,18.038391,-25.217974,-25.067608,-50.52168,34.372974,-27.821089,65.21772,-16.753561,-11.067528,-16.296755,-42.480286,-50.893322,32.217644,60.09549,19.215906,11.900197,13.68214
172,0.8,-15.5,68.84935,0.0,0.0,-5.0450857,14.730674,-4.856811,15.371919,76.33996,-40.546417,5.0586796,-27.117369,15.553816,-5.632108,56.91013,-29.849722,-13.854118,17.706137,-24.316145,-24.118313,-50.329414,34.421036,-27.628828,65.09756,-16.65743,-10.971398,-16.056429,-41.903503,-50.41267,31.977322,59.61483,18.99961,11.707936,13.513913
173,0.8,-15.5,69.1344,0.0,0.0,-4.8954368,14.376816,-4.3124137,14.881962,76.06776,-40.35588,4.568722,-26.609268,15.466318,-5.5714493,55.861927,-29.32091,-13.854118,17.33268,-23.302477,-23.051294,-50.11331,34.475063,-27.412724,64.962494,-16.54938,-10.863346,-15.786299,-41.25519,-49.87241,31.70719,59.074574,18.756496,11.491833,13.324822
174,0.8,-15.5,69.44686,0.0,0.0,-4.7313929,13.98892,-3.7156496,14.344873,75.76937,-40.147015,4.0316343,-26.042177,15.371936,-5.5048285,54.691257,-28.72965,-13.854118,16.9233,-22.191301,-21.881638,-49.87642,34.534286,-27.175833,64.81444,-16.430933,-10.7449,-15.490184,-40.544518,-49.28018,31.411076,58.48234,18.489992,11.25494,13.117542
175,0.8,-15.5,69.78193,0.0,0.0,-4.555483,13.572965,-3.0757198,13.768936,75.44942,-39.92304,3.4556973,-25.42152,15.272596,-5.4330664,53.409122,-28.081326,-13.854118,16.484308,-20.999752,-20.627375,-49.622395,34.597794,-26.921804,64.65567,-16.30392,-10.6178875,-15.172651,-39.782436,-48.645115,31.093546,57.84728,18.204212,11.000915,12.895269
176,0.8,-15.5,70.13415,0.0,0.0,-4.3705641,13.135708,-2.403018,13.163506,75.11306,-39.687595,2.8502653,-24.754004,15.170375,-5.357037,52.029243,-27.38267,-13.854118,16.022835,-19.74718,-19.308878,-49.35536,34.664555,-26.65477,64.48877,-16.170403,-10.484369,-14.838856,-38.981327,-47.977524,30.759747,57.179688,17.903797,10.733878,12.6616125
177,0.8,-15.5,70.497635,0.0,0.0,-4.179735,12.684477,-1.7088152,12.538723,74.76596,-39.444622,2.225483,-24.047585,15.067392,-5.2776413,50.56797,-26.641811,-13.854118,15.546611,-18.454576,-17.948242,-49.07979,34.733448,-26.3792,64.31654,-16.032616,-10.346583,-14.494393,-38.15462,-47.288597,30.415287,56.490757,17.593779,10.458307,12.420488
178,0.8,-15.5,70.86618,0.0,0.0,-3.9862496,12.226963,-1.004948,11.905242,74.414024,-39.19827,1.5920025,-23.311451,14.965741,-5.1958017,49.04425,-25.868223,-13.854118,15.06376,-17.143976,-16.568663,-48.80038,34.8033,-26.099792,64.141914,-15.892914,-10.20688,-14.145134,-37.316395,-46.59008,30.066025,55.792244,17.279448,10.178901,12.176007
179,0.8,-15.5,71.23346,0.0,0.0,-3.7934298,11.771024,-0.3035032,11.273942,74.0633,-38.952763,0.9607022,-22.555971,14.867395,-5.1124682,47.47956,-25.072718,-13.854118,14.582568,-15.837885,-15.1938305,-48.521935,34.87291,-25.821348,63.96788,-15.753692,-10.067657,-13.797077,-36.48106,-45.893967,29.717972,55.096127,16.966196,9.900455,11.932367
180,0.8,-15.5,71.59316,0.0,0.0,-3.6045814,11.324475,0.383495,10.655643,73.7198,-38.712315,0.3424039,-21.792675,14.774131,-5.028642,45.89784,-24.267418,-13.854118,14.111286,-14.558695,-13.847314,-48.24922,34.941086,-25.548637,63.79744,-15.617334,-9.931302,-13.456189,-35.66293,-45.21219,29.377079,54.41435,16.659395,9.627745,11.693745
181,0.8,-15.5,71.93922,0.0,0.0,-3.4229059,10.894888,1.0443985,10.06083,73.38935,-38.480995,-0.2524094,-21.034168,14.687469,-4.9454036,44.32529,-23.465683,-13.854118,13.6579075,-13.328093,-12.551943,-47.98687,35.006676,-25.286283,63.633465,-15.486158,-9.800126,-13.128248,-34.87587,-44.55631,29.049143,53.75847,16.36425,9.365392,11.464187
182,0.8,-15.5,72.26586,0.0,0.0,-3.2514159,10.489385,1.6682496,9.499364,73.07742,-38.26265,-0.8138753,-20.293976,14.608618,-4.863949,42.790104,-22.681938,-13.854118,13.229945,-12.166481,-11.329195,-47.739227,35.06859,-25.038641,63.478687,-15.362336,-9.676304,-12.818693,-34.13294,-43.937202,28.739588,53.139362,16.08565,9.117748,11.2474985
183,0.8,-15.5,72.5679,0.0,0.0,-3.0928475,10.114435,2.245094,8.980205,72.78901,-38.060753,-1.3330352,-19.586283,14.538444,-4.785606,41.32183,-21.931393,-13.854118,12.834229,-11.092398,-10.19858,-47.510242,35.12583,-24.809656,63.33558,-15.247845,-9.561811,-12.532463,-33.445988,-43.36474,28.453358,52.5669,15.828043,8.888764,11.047137
184,0.8,-15.5,72.8408,0.0,0.0,-2.9495752,9.775656,2.7662942,8.511124,72.528404,-37.87833,-1.8021156,-18.925488,14.477458,-4.7118335,39.950485,-21.229555,-13.854118,12.4766865,-10.1219225,-9.177027,-47.30335,35.177555,-24.60276,63.206264,-15.144397,-9.458364,-12.273843,-32.8253,-42.8475,28.194736,52.04966,15.595284,8.681869,10.866104
185,0.8,-15.5,73.080894,0.0,0.0,-2.8235246,9.477598,3.2248447,8.09843,72.299126,-37.71784,-2.2148108,-18.32555,14.425834,-4.6441736,38.705185,-20.59153,-13.854118,12.162121,-9.268102,-8.278268,-47.121323,35.22306,-24.420734,63.09249,-15.053384,-9.367351,-12.046311,-32.27922,-42.392433,27.967203,51.594593,15.390506,8.499842,10.706831
186,0.8,-15.5,73.28554,0.0,0.0,-2.7160872,9.223553,3.6156828,7.7466745,72.10371,-37.581047,-2.5665653,-17.799112,14.383424,-4.5841546,37.612278,-20.03104,-13.854118,11.894006,-8.54036,-7.5122247,-46.966175,35.26185,-24.265589,62.995533,-14.97581,-9.289778,-11.852377,-31.81378,-42.00457,27.77327,51.206726,15.215965,8.344695,10.571077
187,0.8,-15.5,73.45326,0.0,0.0,-2.6280338,9.015343,3.9360056,7.458385,71.94355,-37.468933,-2.8548555,-17.356367,14.349826,-4.5331373,36.693024,-19.559217,-13.854118,11.674265,-7.943919,-6.8843927,-46.839016,35.293636,-24.138432,62.916058,-14.912232,-9.226199,-11.693433,-31.432314,-41.686676,27.614323,50.888836,15.072915,8.217539,10.459816
188,0.8,-15.5,73.58394,0.0,0.0,-2.5594284,8.853119,4.1855807,7.2337666,71.818756,-37.381584,-3.0794735,-17.003819,14.324405,-4.492121,35.960987,-19.183233,-13.854118,11.503056,-7.4792104,-6.3952255,-46.73995,35.318405,-24.03936,62.854145,-14.862698,-9.176663,-11.569593,-31.135098,-41.439003,27.490486,50.641163,14.961461,8.118468,10.373129
189,0.8,-15.5,73.678955,0.0,0.0,-2.5095412,8.735157,4.3670616,7.0704336,71.72802,-37.318066,-3.2428062,-16.743023,14.306352,-4.4615393,35.419445,-18.904942,-13.854118,11.37856,-7.1412926,-6.0395226,-46.667908,35.336414,-23.96732,62.809113,-14.826676,-9.140643,-11.479543,-30.91898,-41.2589,27.400434,50.46106,14.880414,8.046428,10.310093
190,0.8,-15.5,73.741394,0.0,0.0,-2.4767636,8.657651,4.486301,6.9631186,71.668396,-37.276333,-3.3501215,-16.569542,14.294696,-4.4410763,35.0592,-18.719751,-13.854118,11.2967615,-6.9192705,-5.8058143,-46.620575,35.348248,-23.919987,62.779526,-14.80301,-9.116977,-11.420376,-30.776976,-41.140568,27.341267,50.342728,14.827165,7.9990945,10.268677
191,0.8,-15.5,73.77614,0.0,0.0,-2.4585212,8.614516,4.5526633,6.903392,71.635216,-37.2531,-3.4098475,-16.472237,14.28828,-4.4295554,34.85714,-18.615852,-13.854118,11.251238,-6.7957034,-5.675744,-46.59423,35.354836,-23.893642,62.763073,-14.789839,-9.103805,-11.387447,-30.697948,-41.074707,27.30834,50.276867,14.797529,7.972751,10.245626
192,0.8,-15.5,73.79011,0.0,0.0,-2.4511881,8.597176,4.57934,6.879383,71.62188,-37.243767,-3.4338565,-16.432966,14.285715,-4.4248967,34.77559,-18.573915,-13.854118,11.232937,-6.7460313,-5.6234574,-46.58364,35.357483,-23.883055,62.756447,-14.784542,-9.098511,-11.37421,-30.66618,-41.048233,27.295103,50.250393,14.785614,7.9621625,10.236361
193,0.8,-15.5,73.792366,0.0,0.0,-2.45,8.594367,4.583662,6.8754935,71.61972,-37.242252,-3.4377463,-16.426596,14.285301,-4.424141,34.76236,-18.567112,-13.854118,11.229973,-6.737984,-5.614987,-46.581924,35.35791,-23.881338,62.75538,-14.783687,-9.097652,-11.372066,-30.66103,-41.04394,27.292957,50.2461,14.783687,7.9604454,10.234859
194,0.7997617,-15.5,73.79341,0.0,0.0,-2.4492701,8.58242,4.586869,6.8705945,71.59921,-37.235146,-3.4398255,-16.423897,14.285008,-4.424002,34.756264,-18.563791,-13.854118,11.227965,-6.73698,-5.6124773,-46.58074,35.356724,-23.879644,62.753685,-14.78233,-9.096637,-11.37071,-30.659002,-41.042248,27.289907,50.24475,14.78233,7.9594297,10.233504
195,0.7980727,-15.5,73.800804,0.0,0.0,-2.4440976,8.496669,4.609655,6.8353896,71.45654,-37.186302,-3.454579,-16.404743,14.282934,-4.423016,34.71304,-18.54023,-13.854118,11.213739,-6.729867,-5.594695,-46.572334,35.348324,-23.86764,62.741676,-14.772726,-9.089434,-11.361107,-30.644596,-41.030247,27.268301,50.235146,14.772726,7.952226,10.223901
196,0.793699,-15.5,73.81994,0.0,0.0,-2.4307029,8.270041,4.6688485,6.742112,71.10002,-37.066784,-3.4929256,-16.355034,14.277576,-4.420443,34.600872,-18.479094,-13.854118,11.176901,-6.711448,-5.5486484,-46.550575,35.326565,-23.836554,62.71059,-14.747858,-9.070782,-11.336238,-30.607292,-40.999157,27.212345,50.210274,14.747858,7.933575,10.199031
197,0.7856972,-15.5,73.85495,0.0,0.0,-2.4061979,7.845484,4.777383,6.5666823,70.47989,-36.864788,-3.5636125,-16.263638,14.267832,-4.415663,34.394745,-18.36676,-13.854118,11.109508,-6.677751,-5.4644055,-46.510765,35.28675,-23.779682,62.653717,-14.702358,-9.036658,-11.29074,-30.539047,-40.942287,27.109974,50.16478,14.702358,7.8994513,10.153533
198,0.7733932,-15.5,73.908775,0.0,0.0,-2.3685169,7.1772385,4.944204,6.289179,69.58556,-36.583363,-3.6736476,-16.12195,14.252991,-4.4081235,34.075413,-18.19279,-13.854118,11.0058775,-6.625936,-5.334868,-46.44955,35.225533,-23.69223,62.566273,-14.632399,-8.984188,-11.220779,-30.434103,-40.854836,26.952562,50.09482,14.632399,7.8469806,10.083572
199,0.7563596,-15.5,73.9833,0.0,0.0,-2.3163514,6.233054,5.1741424,5.894886,68.43911,-36.236256,-3.828664,-15.923424,14.232738,-4.3972936,33.628452,-17.94939,-13.854118,10.8624115,-6.554203,-5.155535,-46.3648,35.14079,-23.571163,62.445198,-14.535545,-8.911547,-11.123924,-30.288818,-40.73377,26.734642,49.997963,14.535545,7.77434,9.986718
200,0.7343939,-15.5,74.07939,0.0,0.0,-2.2490813,4.996189,5.467897,5.375427,67.08709,-35.843098,-4.033167,-15.663186,14.207136,-4.3826165,33.04338,-17.630964,-13.854118,10.677406,-6.4617,-4.9242783,-46.255516,35.0315,-23.41504,62.28908,-14.410646,-8.817874,-10.999027,-30.101475,-40.577644,26.45362,49.873066,14.410646,7.6806674,9.861821
201,0.7074971,-15.5,74.197075,0.0,0.0,-2.1667099,3.4666843,5.822217,4.729646,65.59149,-35.424694,-4.290638,-15.337688,14.176605,-4.363475,32.312897,-17.233683,-13.854118,10.450869,-6.348431,-4.6411066,-46.121696,34.897686,-23.22387,62.09791,-14.25771,-8.703172,-10.846091,-29.87207,-40.386475,26.109514,49.72013,14.25771,7.5659647,9.708884
202,0.6758514,-15.5,74.33552,0.0,0.0,-2.0697948,1.6617792,6.2303333,3.9640515,64.02059,-34.998875,-4.60352,-14.944409,14.1418915,-4.339153,31.43222,-16.755136,-13.854118,10.184333,-6.2151637,-4.307937,-45.964252,34.740234,-22.998947,61.872986,-14.077773,-8.568217,-10.666153,-29.60216,-40.161552,25.704653,49.540188,14.077773,7.431012,9.528946
203,0.6397983,-15.5,74.493256,0.0,0.0,-1.9593823,-0.3844928,6.682632,3.092708,62.440063,-34.577206,-4.9730883,-14.481609,14.104021,-4.3088036,30.398527,-16.194012,-13.854118,9.880676,-6.0633354,-3.9283664,-45.784878,34.560863,-22.742699,61.616737,-13.872773,-8.414468,-10.461154,-29.294662,-39.905304,25.243404,49.33519,13.872773,7.277262,9.323947
204,0.5998169,-15.5,74.66817,0.0,0.0,-1.8369392,-2.6224535,7.1675344,2.1365564,60.904945,-34.162754,-5.399253,-13.948085,14.064264,-4.2714167,29.210384,-15.549797,-13.854118,9.543934,-5.894964,-3.507439,-45.585957,34.361946,-22.458529,61.33257,-13.645437,-8.243967,-10.233818,-28.953665,-39.62113,24.7319,49.107857,13.645437,7.10676,9.096611
205,0.5565019,-15.5,74.85767,0.0,0.0,-1.7042872,-4.9886203,7.672516,1.1221875,59.452923,-33.748955,-5.880331,-13.342928,14.024067,-4.2257814,27.86723,-14.822476,-13.854118,9.179114,-5.712555,-3.0514143,-45.370453,34.14644,-22.150665,61.024704,-13.399148,-8.059249,-9.987527,-28.584227,-39.31327,24.177746,48.861565,13.399148,6.9220424,8.850321
206,0.5105418,-15.5,75.058754,0.0,0.0,-1.563534,-7.408205,8.185166,0.080167,58.099308,-33.319622,-6.412828,-12.665276,13.985018,-4.170446,26.368767,-14.01221,-13.854118,8.792016,-5.5190053,-2.5675406,-45.14179,33.917774,-21.824001,60.698036,-13.137816,-7.8632503,-9.726196,-28.192226,-38.986607,23.589752,48.600235,13.137816,6.726044,8.588989
207,0.4626965,-15.5,75.268074,0.0,0.0,-1.4170081,-9.798245,8.694188,-0.9569364,56.834267,-32.84988,-6.991273,-11.913963,13.948782,-4.1036515,24.714233,-13.118922,-13.854118,8.38904,-5.3175178,-2.0638216,-44.903744,33.679733,-21.483938,60.35798,-12.8657675,-7.6592126,-9.454146,-27.784153,-38.646545,22.977642,48.328186,12.8657675,6.522007,8.31694
208,0.4137764,-15.5,75.4821,0.0,0.0,-1.2671903,-12.07131,9.190211,-1.9566185,55.622356,-32.30794,-7.608139,-11.087031,13.917064,-4.0232463,22.901321,-12.141727,-13.854118,7.9770126,-5.111503,-1.548786,-44.660355,33.436344,-21.136238,60.010277,-12.587605,-7.450593,-9.175985,-27.366913,-38.298843,22.351778,48.050022,12.587605,6.313386,8.038779
209,0.3646196,-15.5,75.69716,0.0,0.0,-1.1166477,-14.139632,9.666346,-2.8883898,54.404358,-31.657318,-8.253889,-10.180926,13.891584,-3.926516,20.924482,-11.078023,-13.854118,7.56299,-4.9044924,-1.0312583,-44.415787,33.191772,-20.786856,59.66089,-12.308099,-7.2409625,-8.896479,-26.947655,-37.949463,21.722887,47.77052,12.308099,6.1037555,7.759272
210,0.3160704,-15.5,75.90956,0.0,0.0,-0.9679656,-15.919453,10.118398,-3.7253933,53.10135,-30.859386,-8.917137,-9.189058,13.87408,-3.8098793,18.771914,-9.921876,-13.854118,7.1540847,-4.70004,-0.5201271,-44.17424,32.950226,-20.441788,59.315826,-12.032045,-7.033922,-8.620425,-26.533573,-37.604393,21.101767,47.494465,12.032045,5.896716,7.48322
211,0.2689572,-15.5,76.11568,0.0,0.0,-0.8236814,-17.335247,10.544747,-4.44553,51.620434,-29.875885,-9.584974,-8.098901,13.866397,-3.6682324,16.419535,-8.660835,-13.854118,6.757275,-4.501635,-0.024115,-43.93984,32.715824,-20.10693,58.980965,-11.764158,-6.8330073,-8.352539,-26.131742,-37.269535,20.499022,47.226578,11.764158,5.695801,7.215332
212,0.224071,-15.5,76.31206,0.0,0.0,-0.6862174,-18.323483,10.945913,-5.0320144,49.86173,-28.671303,-10.243426,-6.885331,13.870746,-3.4934013,13.817211,-7.2686305,-13.854118,6.3792224,-4.3126082,0.4484515,-43.71652,32.492504,-19.787899,58.661938,-11.508934,-6.6415887,-8.097314,-25.748905,-36.950504,19.924767,46.97135,11.508934,5.5043826,6.960108
213,0.182143,-15.5,76.49549,0.0,0.0,-0.557813,-18.835476,11.32389,-5.473356,47.725723,-27.21486,-10.878035,-5.492016,13.890534,-3.2697165,10.850311,-5.6848216,-13.854118,6.026085,-4.1360397,0.8898734,-43.50791,32.2839,-19.489895,58.36393,-11.270531,-6.462786,-7.858911,-25.3913,-36.6525,19.38836,46.73295,11.270531,5.3255796,6.721704
214,0.1438232,-15.5,76.66314,0.0,0.0,-0.4404584,-18.839037,11.681371,-5.7628493,45.120296,-25.482021,-11.47455,-3.7589371,13.933601,-2.956596,7.1901903,-3.7356737,-13.854118,5.7033362,-3.9746656,1.2933087,-43.31726,32.093246,-19.217533,58.09158,-11.052642,-6.29937,-7.641022,-25.064466,-36.38014,18.898111,46.51506,11.052642,5.1621637,6.503816
215,0.1096579,-15.5,76.81262,0.0,0.0,-0.3358273,-18.3185,12.020993,-5.8977,41.966206,-23.45508,-12.019692,-1.1763728,14.020024,-2.4285908,1.7873071,-0.8659005,-13.854118,5.4155803,-3.8307877,1.6530038,-43.147278,31.923267,-18.974703,57.848743,-10.858377,-6.1536717,-7.446758,-24.773071,-36.13731,18.461016,46.320797,10.858377,5.016465,6.3095512
216,0.0800685,-15.5,76.94207,0.0,0.0,-0.2452099,-17.272678,12.344751,-5.8778586,38.199574,-21.122389,-12.501956,-0.5273716,14.008256,-2.352729,0.385743,-0.1152664,-13.854118,5.1663647,-3.7061796,1.9645234,-43.000065,31.77605,-18.764395,57.63843,-10.690132,-6.0274873,-7.278512,-24.520702,-35.927002,18.082462,46.15255,10.690132,4.8902807,6.1413054
217,0.0553292,-15.5,77.05031,0.0,0.0,-0.1694457,-15.709755,12.653754,-5.704499,33.768513,-18.474827,-12.912391,-0.466633,13.975469,-2.4055338,0.2082847,-0.0139425,-13.854118,4.9579983,-3.601996,2.2249815,-42.87698,31.652966,-18.58856,57.462597,-10.549463,-5.9219856,-7.137843,-24.309698,-35.751163,17.765957,46.011883,10.549463,4.784779,6.0006366
218,0.035545,-15.5,77.13686,0.0,0.0,-0.1088566,-13.636285,12.948583,-5.3775244,28.617136,-15.496056,-13.24535,-0.455768,13.947509,-2.456878,0.1443012,0.0258282,-13.854118,4.791366,-3.51868,2.4332716,-42.77855,31.554535,-18.447943,57.321983,-10.436969,-5.8376155,-7.0253496,-24.140959,-35.61055,17.512846,45.899387,10.436969,4.700409,5.888143
219,0.0206301,-15.5,77.20211,0.0,0.0,-0.0631797,-11.0295515,13.23086,-4.889526,22.633844,-12.134419,-13.499139,-0.4560212,13.92604,-2.497631,0.1135689,0.0465397,-13.854118,4.6657457,-3.45587,2.5902972,-42.70434,31.48033,-18.341934,57.215973,-10.352163,-5.7740107,-6.940542,-24.013748,-35.50454,17.322031,45.81458,10.352163,4.6368036,5.8033366
220,0.0102859,-15.5,77.24737,0.0,0.0,-0.0315005,-7.735924,13.508988,-4.2023273,15.444735,-8.193388,-13.67656,-0.4586528,13.9110365,-2.5264916,0.0973647,0.0581935,-13.854118,4.578622,-3.412308,2.6992023,-42.652878,31.428864,-18.268412,57.142452,-10.2933445,-5.7298975,-6.881726,-23.925522,-35.43102,17.189692,45.755764,10.2933445,4.5926905,5.7445188
221,0.003979,-15.5,77.27496,0.0,0.0,-0.0121856,-2.440064,13.850085,-3.0001338,4.2874084,-2.2066908,-13.785297,-0.4609596,13.901856,-2.544259,0.0889511,0.0645228,-13.854118,4.5255017,-3.385748,2.7656019,-42.6215,31.397486,-18.223585,57.097626,-10.2574835,-5.7030015,-6.845864,-23.87173,-35.386192,17.109003,45.719902,10.2574835,4.5657945,5.7086573
222,0.0009194,-15.5,77.288345,0.0,0.0,-0.0028157,-0.4943926,13.91764,-2.55861,0.1764073,0.0077605,-13.8382015,-0.4622602,13.897393,-2.5529222,0.0852488,0.0673901,-13.854118,4.4997325,-3.3728635,2.7978134,-42.606277,31.382263,-18.20184,57.07588,-10.2400875,-5.689954,-6.8284674,-23.845634,-35.364445,17.06986,45.702503,10.2400875,4.5527472,5.691261
223,3.87e-05,-15.5,77.292206,0.0,0.0,-0.0001186,-0.458221,13.888934,-2.5533943,0.0772775,0.0711915,-13.853448,-0.4626436,13.896108,-2.5554183,0.0842023,0.0682059,-13.854118,4.4923153,-3.3691547,2.8070855,-42.601894,31.377882,-18.19558,57.06962,-10.235079,-5.6861978,-6.823459,-23.838123,-35.358185,17.058594,45.6975,10.235079,4.5489917,5.686253
224,0.0,-15.499408,77.29237,0.0,0.0,0.0,-0.4549441,13.883466,-2.5518866,0.0699222,0.0755193,-13.854118,-0.4625871,13.895616,-2.555415,0.0840454,0.0683005,-13.854118,4.491818,-3.368863,2.807386,-42.599857,31.377018,-18.19461,57.06822,-10.234468,-5.685816,-6.822979,-23.836666,-35.357086,17.057447,45.696583,10.234468,4.5486526,5.685816
225,0.0,-15.483523,77.29237,0.0,0.0,0.0,-0.4529388,13.871824,-2.5488377,0.0668603,0.0771522,-13.854118,-0.4601961,13.883959,-2.55227,0.0801985,0.0703459,-13.854118,4.4872136,-3.36541,2.8045084,-42.55032,31.35895,-18.175962,57.037914,-10.223979,-5.6799884,-6.8159857,-23.806362,-35.33494,17.039965,45.677937,10.223979,4.5439906,5.6799884
226,0.0,-15.426368,77.29237,0.0,0.0,0.0,-0.4452347,13.829947,-2.5377564,0.054824,0.0835662,-13.854118,-0.451523,13.842003,-2.5409434,0.0662011,0.07779,-13.854118,4.4706497,-3.352987,2.794156,-42.372105,31.293953,-18.108868,56.928883,-10.186238,-5.659021,-6.7908254,-23.697332,-35.255264,16.977064,45.61084,10.186238,4.527217,5.659021
227,0.0,-15.307016,77.29237,0.0,0.0,0.0,-0.4283074,13.742481,-2.51444,0.0279069,0.0978984,-13.854118,-0.4321659,13.754394,-2.5170238,0.0343495,0.0947096,-13.854118,4.436061,-3.3270457,2.772538,-41.999947,31.158224,-17.968761,56.70121,-10.107429,-5.615238,-6.7382865,-23.469662,-35.088894,16.845715,45.470734,10.107429,4.4921904,5.615238
228,0.0,-15.109955,77.29237,0.0,0.0,0.0,-0.4037984,13.591722,-2.4771373,-0.0091517,0.117711,-13.811424,-0.4012501,13.605421,-2.4780807,-0.0159634,0.1214846,-13.825054,4.378952,-3.2842138,2.7368448,-41.385483,30.934124,-17.737434,56.325306,-9.977307,-5.5429482,-6.6515384,-23.093754,-34.81419,16.628845,45.239407,9.977307,4.4343586,5.5429482
229,0.0,-14.824661,77.29237,0.0,0.0,0.0,-0.3937176,13.345278,-2.430508,-0.0087634,0.1180968,-13.560848,-0.3911885,13.358183,-2.4314349,-0.0154507,0.1218062,-13.573701,4.296272,-3.222204,2.68517,-40.495895,30.60969,-17.402533,55.78109,-9.788924,-5.438291,-6.525949,-22.549536,-34.416492,16.314873,44.904503,9.788924,4.350633,5.438291
230,0.0,-14.445173,77.29237,0.0,0.0,0.0,-0.38058,13.016619,-2.3684697,-0.0082704,0.1186057,-13.226684,-0.3780917,13.028483,-2.369378,-0.0147659,0.1222175,-13.238513,4.1862946,-3.139721,2.616434,-39.3126,30.178135,-16.957056,55.057182,-9.538343,-5.2990794,-6.3588953,-21.825636,-33.88749,15.897239,44.459026,9.538343,4.239264,5.2990794
231,0.0,-13.969673,77.29237,0.0,0.0,0.0,-0.3645992,12.603465,-2.2907226,-0.007607,0.1191963,-12.806631,-0.3621464,12.614057,-2.2916045,-0.0139012,0.1227045,-12.817205,4.0484915,-3.0363688,2.5303073,-37.829918,29.637392,-16.39887,54.15014,-9.224363,-5.1246467,-6.149576,-20.918585,-33.224644,15.37394,43.900845,9.224363,4.0997176,5.1246467
232,0.0,-13.400057,77.29237,0.0,0.0,0.0,-0.3460967,12.106624,-2.1975546,-0.0068827,0.1199052,-12.301524,-0.3437549,12.115734,-2.198419,-0.0128043,0.1232188,-12.310637,3.8834136,-2.91256,2.4271333,-36.053772,28.989618,-15.730202,53.063553,-8.848239,-4.915688,-5.898826,-19.832,-32.4306,14.747064,43.232174,8.848239,3.9325504,4.915688
233,0.0,-12.741513,77.29237,0.0,0.0,0.0,1.5147995,11.603891,-1.7231438,-3.837891,2.1479888,-11.729399,-3.6910737,11.370433,-2.7540603,7.005462,-3.5886157,-11.694945,3.6925635,-2.7694225,2.3078523,-34.00033,28.24072,-14.957144,51.80733,-8.413393,-4.674107,-5.608928,-18.575779,-31.512592,14.022322,42.459114,8.413393,3.739286,4.674107
234,0.0,-12.002097,77.29237,0.0,0.0,0.0,-4.493189,10.676335,-2.7458444,8.743357,-4.506786,-11.0198145,-5.3047147,10.63733,-2.8959959,10.438832,-5.403779,-11.020118,3.4782765,-2.6087074,2.1739228,-31.694727,27.399849,-14.0891485,50.396843,-7.9251466,-4.402859,-5.283431,-17.16529,-30.481853,13.208578,41.59112,7.9251466,3.5222871,4.402859
235,0.0,-11.192309,77.29237,0.0,0.0,0.0,-5.9402494,9.893474,-2.8133698,11.840996,-6.1442976,-10.281879,-6.5231633,9.866191,-2.9138014,13.061929,-6.790315,-10.283378,3.2435951,-2.4326963,2.027247,-29.169687,26.478952,-13.138547,48.85211,-7.390432,-4.105796,-4.9269547,-15.620562,-29.353012,12.317388,40.64052,7.390432,3.2846367,4.105796
236,0.0,-10.324668,77.29237,0.0,0.0,0.0,-7.06672,9.080129,-2.7774408,14.279165,-7.433031,-9.492008,-7.5205374,9.05986,-2.8495202,15.232005,-7.937273,-9.493842,2.992148,-2.244111,1.8700926,-26.464254,25.492266,-12.12003,47.197025,-6.8175178,-3.7875097,-4.5450115,-13.965473,-28.143522,11.36253,39.622005,6.8175178,3.0300076,3.7875097
237,0.0,-9.413288,77.29237,0.0,0.0,0.0,-7.989466,8.243035,-2.668827,16.296251,-8.499132,-8.661469,-8.355543,8.227712,-2.721826,17.066616,-8.906874,-8.663289,2.728025,-2.0460186,1.7050157,-23.62244,24.45584,-11.050172,45.458504,-6.2157216,-3.4531784,-4.143814,-12.226951,-26.873066,10.359535,38.552143,6.2157216,2.762543,3.4531784
238,0.0,-8.473455,77.29237,0.0,0.0,0.0,-8.755738,7.39286,-2.5048254,17.9862,-9.39231,-7.80344,-9.056164,7.381279,-2.5439792,18.61972,-9.727679,-7.805079,2.4556558,-1.8417418,1.5347849,-20.691902,23.387054,-9.94691,43.6657,-5.5951366,-3.1084094,-3.730091,-10.434151,-25.56294,9.325228,37.448883,5.5951366,2.4867275,3.1084094
239,0.0,-7.521199,77.29237,0.0,0.0,0.0,-9.390939,6.541671,-2.2989824,19.398052,-10.138516,-6.9322286,-9.639274,6.533013,-2.3277164,19.922697,-10.416293,-6.9336143,2.1796865,-1.634765,1.3623042,-17.722628,22.304144,-8.829065,41.849205,-4.9663496,-2.759083,-3.3108997,-8.617654,-24.2355,8.277248,36.33104,4.9663496,2.2072663,2.759083
240,0.0,-6.5728755,77.29237,0.0,0.0,0.0,-9.911972,5.702022,-2.0635147,20.563929,-10.754733,-6.062762,-10.117359,5.695668,-2.0842888,20.998535,-10.984872,-6.0638747,1.9048568,-1.4286426,1.1905355,-14.765613,21.225702,-7.715837,40.040207,-4.340158,-2.411199,-2.8934388,-6.8086567,-22.913542,7.233597,35.217808,4.340158,1.9289593,2.411199
241,0.0,-5.644735,77.29237,0.0,0.0,0.0,-10.332231,4.886449,-1.8099192,21.509554,-11.254557,-5.2101097,-10.501288,4.881902,-1.824609,21.867767,-11.444266,-5.2109604,1.6358765,-1.2269075,1.0224228,-11.871535,20.170216,-6.626302,38.26971,-3.7272947,-2.0707192,-2.484863,-5.038162,-21.61972,6.2121577,34.128273,3.7272947,1.6565754,2.0707192
242,0.0,-4.7525043,77.29237,0.0,0.0,0.0,-10.663725,4.107095,-1.5489881,22.258755,-11.650574,-4.389018,-10.801549,4.1039443,-1.5590739,22.551105,-11.805419,-4.3896365,1.3773031,-1.0329772,0.8608144,-9.08943,19.155565,-5.578921,36.56772,-3.1381428,-1.7434129,-2.0920951,-3.3361683,-20.375954,5.230238,33.08089,3.1381428,1.3947302,1.7434129
243,0.0,-3.91096,77.29237,0.0,0.0,0.0,-10.918031,3.3753908,-1.2906085,22.835394,-11.955393,-3.6134477,-11.028767,3.3732924,-1.297279,23.070486,-12.079921,-3.613874,1.1334186,-0.850064,0.7083866,-6.4653707,18.198555,-4.5910397,34.96241,-2.5824597,-1.4346998,-1.7216396,-1.7308612,-19.202845,4.3040996,32.09301,2.5824597,1.1477599,1.4346998
244,0.0,-3.1335025,77.29237,0.0,0.0,0.0,-11.106621,2.7017398,-1.0435108,23.263962,-12.181949,-2.896119,-11.193826,2.700409,-1.0477204,23.449215,-12.280084,-2.8963966,0.908107,-0.6810802,0.5675668,-4.041144,17.314426,-3.6783893,33.479355,-2.0690942,-1.1494967,-1.379396,-0.247805,-18.119074,3.44849,31.18036,2.0690942,0.9195973,1.1494967
245,0.0,-2.4317348,77.29237,0.0,0.0,0.0,-11.240875,2.0951915,-0.81504,23.56939,-12.343417,-2.2480705,-11.307746,2.0943964,-0.8175454,23.71151,-12.418707,-2.248239,0.7047307,-0.528548,0.4404567,-1.8529294,16.51637,-2.854591,32.140682,-1.6057074,-0.8920596,-1.0704715,1.0908675,-17.140814,2.676179,30.356564,1.6057074,0.7136477,0.8920596
246,0.0,-1.815037,77.29237,0.0,0.0,0.0,-11.331859,1.5630916,-0.6109878,23.776373,-12.452848,-1.678234,-11.38138,1.5626512,-0.6123729,23.881653,-12.508624,-1.6783284,0.5260082,-0.3945061,0.3287551,0.0700253,15.815058,-2.130655,30.964289,-1.1984935,-0.6658297,-0.7989956,2.2672632,-16.28114,1.997489,29.632627,1.1984935,0.5326638,0.6658297
247,0.0,-1.2901415,77.29237,0.0,0.0,0.0,-11.389972,1.1107147,-0.4354947,23.908413,-12.522664,-1.1930293,-11.425002,1.1104927,-0.4361912,23.982903,-12.562126,-1.1930771,0.3738904,-0.2804178,0.2336815,1.7067266,15.218144,-1.5144851,29.96301,-0.8518978,-0.4732766,-0.5679319,3.2685394,-15.549437,1.4198297,29.016459,0.8518978,0.3786213,0.4732766
248,0.0,-0.8607097,77.29237,0.0,0.0,0.0,-11.42454,0.7408696,-0.291013,23.98674,-12.564082,-0.7959722,-11.447846,0.740771,-0.2913222,24.036303,-12.590341,-0.7959935,0.2494386,-0.187079,0.1558991,3.0457582,14.729791,-1.0103791,29.14384,-0.5683382,-0.3157434,-0.3788922,4.087712,-14.950812,0.9472305,28.512352,0.5683382,0.2525948,0.3157434
249,0.0,-0.5269074,77.29237,0.0,0.0,0.0,-11.443433,0.453498,-0.1783103,24.029337,-12.58661,-0.4872928,-11.457681,0.453461,-0.178426,24.059639,-12.602664,-0.4873008,0.1527008,-0.1145256,0.095438,4.086603,14.350189,-0.6185316,28.507088,-0.347924,-0.1932911,-0.2319494,4.724464,-14.485495,0.5798734,28.120506,0.347924,0.1546329,0.1932911
250,0.0,-0.2849806,77.29237,0.0,0.0,0.0,-11.452789,0.2452642,-0.0964823,24.050262,-12.59768,-0.263559,-11.460491,0.2452535,-0.0965162,24.066643,-12.606359,-0.2635614,0.082589,-0.0619417,0.0516181,4.840966,14.075068,-0.334536,28.045593,-0.1881765,-0.1045425,-0.125451,5.1859565,-14.148248,0.3136275,27.83651,0.1881765,0.083634,0.1045425
251,0.0,-0.1268313,77.29237,0.0,0.0,0.0,-11.4569435,0.1091529,-0.042948,24.059439,-12.602536,-0.1172983,-11.460371,0.1091508,-0.0429547,24.066727,-12.606398,-0.1172988,0.0367564,-0.0275673,0.0229728,5.3340993,13.895219,-0.148886,27.74391,-0.0837484,-0.0465269,-0.0558323,5.487638,-13.927789,0.1395806,27.650858,0.0837484,0.0372215,0.0465269
252,0.0,-0.0395933,77.29237,0.0,0.0,0.0,-11.458571,0.0340743,-0.0134082,24.062977,-12.604409,-0.0366174,-11.459642,0.034074,-0.0134088,24.065252,-12.605615,-0.0366175,0.0114744,-0.0086058,0.0071715,5.60612,13.796011,-0.0464782,27.577501,-0.026144,-0.0145244,-0.0174293,5.654051,-13.806179,0.0435733,27.54845,0.026144,0.0116195,0.0145244
253,0.0,-0.0052079,77.29237,0.0,0.0,0.0,-11.459084,0.004482,-0.0017637,24.064075,-12.60499,-0.0048165,-11.459225,0.004482,-0.0017637,24.064373,-12.605149,-0.0048165,0.0015093,-0.001132,0.0009433,5.7133384,13.756908,-0.0061135,27.511908,-0.0034389,-0.0019105,-0.0022926,5.719643,-13.758246,0.0057314,27.508087,0.0034389,0.0015284,0.0019105
254,0.0,0.0,77.29237,0.0,0.0,0.0,-11.459155,0.0,0.0,24.064226,-12.605071,-0.0,-11.459155,-0.0,0.0,24.064226,-12.605071,0.0,0.0,-0.0,0.0,5.7295775,13.750985,-0.0,27.50197,-0.0,0.0,-0.0,5.7295775,-13.750985,0.0,27.50197,0.0,0.0,0.0
